,State_CD,Year,Month,Vehicle Count
0,1.0,16.0,1.0,111451257.0
1,1.0,16.0,2.0,105111507.0
2,1.0,16.0,3.0,125996239.0
3,1.0,16.0,4.0,119808865.0
4,1.0,16.0,5.0,154154480.0
5,1.0,16.0,6.0,150407269.0
6,1.0,16.0,7.0,151764437.0
7,1.0,16.0,8.0,148243483.0
8,1.0,16.0,9.0,124957497.0
9,1.0,16.0,10.0,151449148.0
10,1.0,16.0,11.0,141148529.0
11,1.0,16.0,12.0,123063057.0
12,2.0,16.0,1.0,27987565.0
13,2.0,16.0,2.0,27318539.0
14,2.0,16.0,3.0,30391576.0
15,2.0,16.0,4.0,31791248.0
16,2.0,16.0,5.0,36153702.0
17,2.0,16.0,6.0,36460829.0
18,2.0,16.0,7.0,37637135.0
19,2.0,16.0,8.0,41180178.0
20,2.0,16.0,9.0,36909523.0
21,2.0,16.0,10.0,35689390.0
22,2.0,16.0,11.0,31745471.0
23,2.0,16.0,12.0,30867614.0
24,4.0,16.0,1.0,426420472.0
25,4.0,16.0,2.0,321415296.0
26,4.0,16.0,3.0,404716592.0
27,4.0,16.0,4.0,279509092.0
28,4.0,16.0,5.0,425965382.0
29,4.0,16.0,6.0,356558579.0
30,4.0,16.0,7.0,152170422.0
31,4.0,16.0,8.0,361966849.0
32,4.0,16.0,9.0,349868466.0
33,4.0,16.0,10.0,410742362.0
34,4.0,16.0,11.0,442877698.0
35,4.0,16.0,12.0,422610003.0
36,5.0,16.0,1.0,14299131.0
37,5.0,16.0,2.0,16861406.0
38,5.0,16.0,3.0,17790976.0
39,5.0,16.0,4.0,17486154.0
40,5.0,16.0,5.0,18076292.0
41,5.0,16.0,6.0,4418574.0
42,5.0,16.0,7.0,1473612.0
43,5.0,16.0,8.0,1148759.0
44,5.0,16.0,9.0,4088178.0
45,5.0,16.0,10.0,3646080.0
46,5.0,16.0,12.0,1132363.0
47,6.0,16.0,1.0,451860549.0
48,6.0,16.0,2.0,354921872.0
49,6.0,16.0,3.0,508122681.0
50,6.0,16.0,4.0,479917975.0
51,6.0,16.0,5.0,508097890.0
52,6.0,16.0,6.0,512687595.0
53,6.0,16.0,7.0,512276323.0
54,6.0,16.0,8.0,466045998.0
55,6.0,16.0,9.0,424893776.0
56,6.0,16.0,10.0,416417887.0
57,6.0,16.0,11.0,326880214.0
58,6.0,16.0,12.0,378071485.0
59,8.0,16.0,1.0,84072070.0
60,8.0,16.0,2.0,80968276.0
61,8.0,16.0,3.0,88841547.0
62,8.0,16.0,4.0,89751057.0
63,8.0,16.0,5.0,93506307.0
64,8.0,16.0,6.0,94111829.0
65,8.0,16.0,7.0,103301616.0
66,8.0,16.0,8.0,99580507.0
67,8.0,16.0,9.0,89327479.0
68,8.0,16.0,10.0,97596600.0
69,8.0,16.0,11.0,79038910.0
70,8.0,16.0,12.0,85389065.0
71,9.0,16.0,1.0,40310058.0
72,9.0,16.0,2.0,41276906.0
73,9.0,16.0,3.0,48016884.0
74,9.0,16.0,4.0,49432291.0
75,9.0,16.0,5.0,52678516.0
76,9.0,16.0,6.0,52884206.0
77,9.0,16.0,7.0,54455333.0
78,9.0,16.0,8.0,53469600.0
79,9.0,16.0,9.0,50820342.0
80,9.0,16.0,10.0,49866812.0
81,9.0,16.0,11.0,47126694.0
82,9.0,16.0,12.0,45157492.0
83,10.0,16.0,1.0,30816438.0
84,10.0,16.0,2.0,32025224.0
85,10.0,16.0,3.0,31144138.0
86,10.0,16.0,4.0,39078817.0
87,10.0,16.0,5.0,42186241.0
88,10.0,16.0,6.0,43986946.0
89,10.0,16.0,7.0,39381023.0
90,10.0,16.0,8.0,42541538.0
91,10.0,16.0,9.0,43294974.0
92,10.0,16.0,10.0,39678089.0
93,10.0,16.0,11.0,44077130.0
94,10.0,16.0,12.0,43168977.0
95,11.0,16.0,1.0,5587488.0
96,11.0,16.0,2.0,6051472.0
97,11.0,16.0,3.0,6962299.0
98,11.0,16.0,4.0,2983997.0
99,11.0,16.0,5.0,5707983.0
100,11.0,16.0,6.0,6673208.0
101,11.0,16.0,7.0,6939471.0
102,11.0,16.0,8.0,7064305.0
103,11.0,16.0,10.0,6932096.0
104,11.0,16.0,11.0,6557057.0
105,11.0,16.0,12.0,6655190.0
106,12.0,16.0,1.0,250343706.0
107,12.0,16.0,2.0,256620624.0
108,12.0,16.0,3.0,277897351.0
109,12.0,16.0,4.0,266577828.0
110,12.0,16.0,5.0,267194416.0
111,12.0,16.0,6.0,253172023.0
112,12.0,16.0,7.0,261557134.0
113,12.0,16.0,8.0,255934553.0
114,12.0,16.0,9.0,247750272.0
115,12.0,16.0,10.0,247737759.0
116,12.0,16.0,11.0,255874002.0
117,12.0,16.0,12.0,258733881.0
118,13.0,16.0,1.0,186391917.0
119,13.0,16.0,2.0,193357676.0
120,13.0,16.0,3.0,219819237.0
121,13.0,16.0,4.0,221102828.0
122,13.0,16.0,5.0,233523923.0
123,13.0,16.0,6.0,208405356.0
124,13.0,16.0,7.0,210744633.0
125,13.0,16.0,8.0,212390877.0
126,13.0,16.0,9.0,195581728.0
127,13.0,16.0,10.0,193124071.0
128,13.0,16.0,11.0,189085568.0
129,13.0,16.0,12.0,202362574.0
130,15.0,16.0,1.0,102239676.0
131,15.0,16.0,2.0,98223804.0
132,15.0,16.0,3.0,103609456.0
133,15.0,16.0,4.0,102673396.0
134,15.0,16.0,5.0,104976429.0
135,15.0,16.0,6.0,102025327.0
136,15.0,16.0,7.0,99260609.0
137,15.0,16.0,8.0,106416476.0
138,15.0,16.0,9.0,99195644.0
139,15.0,16.0,10.0,98735465.0
140,15.0,16.0,11.0,97881736.0
141,15.0,16.0,12.0,105441271.0
142,16.0,16.0,1.0,90691684.0
143,16.0,16.0,2.0,87350076.0
144,16.0,16.0,3.0,103543145.0
145,16.0,16.0,4.0,107333133.0
146,16.0,16.0,5.0,111530289.0
147,16.0,16.0,6.0,112084111.0
148,16.0,16.0,7.0,113437385.0
149,16.0,16.0,8.0,115871936.0
150,16.0,16.0,9.0,110386184.0
151,16.0,16.0,10.0,110246597.0
152,16.0,16.0,11.0,101895669.0
153,16.0,16.0,12.0,90530298.0
154,17.0,16.0,1.0,56375824.0
155,17.0,16.0,2.0,52825899.0
156,17.0,16.0,3.0,68209951.0
157,17.0,16.0,4.0,73892293.0
158,17.0,16.0,5.0,69303763.0
159,17.0,16.0,6.0,78013956.0
160,17.0,16.0,7.0,64886588.0
161,17.0,16.0,8.0,74456289.0
162,17.0,16.0,9.0,69797441.0
163,17.0,16.0,10.0,72615208.0
164,17.0,16.0,11.0,60270870.0
165,17.0,16.0,12.0,42679769.0
166,18.0,16.0,1.0,20634237.0
167,18.0,16.0,2.0,10321916.0
168,18.0,16.0,3.0,11007738.0
169,18.0,16.0,4.0,19454017.0
170,18.0,16.0,5.0,30719424.0
171,18.0,16.0,6.0,29891047.0
172,18.0,16.0,7.0,37111878.0
173,18.0,16.0,8.0,36841201.0
174,18.0,16.0,9.0,33241996.0
175,18.0,16.0,10.0,25800995.0
176,18.0,16.0,11.0,34214706.0
177,18.0,16.0,12.0,39113463.0
178,19.0,16.0,1.0,41073065.0
179,19.0,16.0,2.0,42622857.0
180,19.0,16.0,3.0,48756996.0
181,19.0,16.0,4.0,46611109.0
182,19.0,16.0,5.0,26876769.0
183,19.0,16.0,6.0,22726169.0
184,19.0,16.0,7.0,25888887.0
185,19.0,16.0,8.0,24508032.0
186,19.0,16.0,9.0,21576923.0
187,19.0,16.0,10.0,17577737.0
188,19.0,16.0,11.0,16042954.0
189,19.0,16.0,12.0,16587640.0
190,20.0,16.0,1.0,24709989.0
191,20.0,16.0,2.0,25099145.0
192,20.0,16.0,3.0,27037302.0
193,20.0,16.0,4.0,26660065.0
194,20.0,16.0,5.0,26376127.0
195,20.0,16.0,6.0,28097889.0
196,20.0,16.0,7.0,29070890.0
197,20.0,16.0,8.0,28556705.0
198,20.0,16.0,9.0,28691788.0
199,20.0,16.0,10.0,29184712.0
200,20.0,16.0,11.0,27812737.0
201,20.0,16.0,12.0,27328018.0
202,21.0,16.0,1.0,45409085.0
203,21.0,16.0,2.0,47255860.0
204,21.0,16.0,3.0,52744187.0
205,21.0,16.0,4.0,52974742.0
206,21.0,16.0,5.0,49688334.0
207,21.0,16.0,6.0,58355093.0
208,21.0,16.0,7.0,62208141.0
209,21.0,16.0,8.0,58796148.0
210,21.0,16.0,9.0,55488390.0
211,21.0,16.0,10.0,56146817.0
212,21.0,16.0,11.0,54448880.0
213,21.0,16.0,12.0,50967396.0
214,22.0,16.0,1.0,16880609.0
215,22.0,16.0,2.0,23131211.0
216,22.0,16.0,3.0,21168461.0
217,22.0,16.0,4.0,20625757.0
218,22.0,16.0,5.0,17711612.0
219,22.0,16.0,6.0,15877658.0
220,22.0,16.0,7.0,16807232.0
221,22.0,16.0,8.0,19115523.0
222,22.0,16.0,9.0,16525264.0
223,22.0,16.0,10.0,16722240.0
224,22.0,16.0,11.0,15686031.0
225,22.0,16.0,12.0,14712394.0
226,23.0,16.0,1.0,16661311.0
227,23.0,16.0,3.0,20538629.0
228,23.0,16.0,4.0,20523338.0
229,23.0,16.0,6.0,23160001.0
230,23.0,16.0,7.0,25579872.0
231,23.0,16.0,8.0,26083114.0
232,23.0,16.0,9.0,21112411.0
233,23.0,16.0,10.0,19071019.0
234,23.0,16.0,11.0,18799126.0
235,23.0,16.0,12.0,18760326.0
236,24.0,16.0,1.0,94353299.0
237,24.0,16.0,2.0,100145303.0
238,24.0,16.0,3.0,110923996.0
239,24.0,16.0,4.0,111493933.0
240,24.0,16.0,5.0,119421794.0
241,24.0,16.0,6.0,115486652.0
242,24.0,16.0,7.0,104030307.0
243,24.0,16.0,8.0,99229066.0
244,24.0,16.0,9.0,90535681.0
245,24.0,16.0,10.0,94697347.0
246,24.0,16.0,11.0,95668571.0
247,24.0,16.0,12.0,98231462.0
248,25.0,16.0,1.0,47153711.0
249,25.0,16.0,2.0,71857703.0
250,25.0,16.0,3.0,67487287.0
251,25.0,16.0,4.0,64637646.0
252,25.0,16.0,5.0,65768655.0
253,25.0,16.0,6.0,59848443.0
254,25.0,16.0,7.0,57810636.0
255,25.0,16.0,8.0,51422277.0
256,25.0,16.0,9.0,77333758.0
257,25.0,16.0,10.0,59686683.0
258,25.0,16.0,11.0,46528208.0
259,25.0,16.0,12.0,47328769.0
260,26.0,16.0,1.0,131283853.0
261,26.0,16.0,2.0,132988763.0
262,26.0,16.0,3.0,150211875.0
263,26.0,16.0,4.0,149615555.0
264,26.0,16.0,5.0,158616744.0
265,26.0,16.0,6.0,159812442.0
266,26.0,16.0,7.0,161915271.0
267,26.0,16.0,8.0,164676270.0
268,26.0,16.0,9.0,155991565.0
269,26.0,16.0,10.0,160362217.0
270,26.0,16.0,11.0,148202818.0
271,26.0,16.0,12.0,140890274.0
272,27.0,16.0,1.0,40663373.0
273,27.0,16.0,2.0,41241392.0
274,27.0,16.0,3.0,45510936.0
275,27.0,16.0,4.0,45311518.0
276,27.0,16.0,5.0,45995660.0
277,27.0,16.0,7.0,46331020.0
278,27.0,16.0,8.0,48869314.0
279,27.0,16.0,9.0,47559283.0
280,27.0,16.0,10.0,49329328.0
281,27.0,16.0,12.0,46453002.0
282,28.0,16.0,1.0,45310505.0
283,28.0,16.0,2.0,41914468.0
284,28.0,16.0,3.0,42068485.0
285,28.0,16.0,4.0,44384742.0
286,28.0,16.0,5.0,47722366.0
287,28.0,16.0,6.0,42252271.0
288,28.0,16.0,7.0,44576169.0
289,28.0,16.0,8.0,38688928.0
290,28.0,16.0,9.0,42998357.0
291,28.0,16.0,10.0,43389998.0
292,28.0,16.0,11.0,40433304.0
293,28.0,16.0,12.0,34997411.0
294,29.0,16.0,1.0,56814822.0
295,29.0,16.0,2.0,67177032.0
296,29.0,16.0,3.0,75434024.0
297,29.0,16.0,4.0,72342862.0
298,29.0,16.0,5.0,73187560.0
299,29.0,16.0,6.0,75923580.0
300,29.0,16.0,7.0,74960788.0
301,29.0,16.0,8.0,78669179.0
302,29.0,16.0,9.0,76386828.0
303,29.0,16.0,10.0,73845929.0
304,29.0,16.0,11.0,71476032.0
305,29.0,16.0,12.0,68577021.0
306,30.0,16.0,1.0,12706198.0
307,30.0,16.0,2.0,13533537.0
308,30.0,16.0,3.0,14582241.0
309,30.0,16.0,4.0,14622575.0
310,30.0,16.0,5.0,16541098.0
311,30.0,16.0,6.0,18288625.0
312,30.0,16.0,7.0,11866415.0
313,30.0,16.0,8.0,20274715.0
314,30.0,16.0,9.0,17853571.0
315,30.0,16.0,10.0,16078510.0
316,30.0,16.0,11.0,14731968.0
317,30.0,16.0,12.0,12491545.0
318,31.0,16.0,1.0,24703191.0
319,31.0,16.0,2.0,24252645.0
320,31.0,16.0,3.0,28572437.0
321,31.0,16.0,4.0,28045182.0
322,31.0,16.0,5.0,30039992.0
323,31.0,16.0,6.0,30665875.0
324,31.0,16.0,7.0,30560354.0
325,31.0,16.0,8.0,31071933.0
326,31.0,16.0,9.0,29535351.0
327,31.0,16.0,10.0,29606097.0
328,31.0,16.0,11.0,27285253.0
329,31.0,16.0,12.0,26214502.0
330,32.0,16.0,1.0,64760497.0
331,32.0,16.0,2.0,67088272.0
332,32.0,16.0,3.0,71118917.0
333,32.0,16.0,4.0,70776267.0
334,32.0,16.0,5.0,72566893.0
335,32.0,16.0,6.0,69890862.0
336,32.0,16.0,7.0,72091798.0
337,32.0,16.0,8.0,78421420.0
338,32.0,16.0,9.0,78521480.0
339,32.0,16.0,10.0,78672669.0
340,32.0,16.0,11.0,73905001.0
341,32.0,16.0,12.0,80152035.0
342,33.0,16.0,1.0,78702634.0
343,33.0,16.0,2.0,83280580.0
344,33.0,16.0,3.0,89414436.0
345,33.0,16.0,4.0,87972489.0
346,33.0,16.0,5.0,91665256.0
347,33.0,16.0,6.0,94551517.0
348,33.0,16.0,7.0,102693931.0
349,33.0,16.0,8.0,101248778.0
350,33.0,16.0,9.0,89634111.0
351,33.0,16.0,10.0,86933820.0
352,33.0,16.0,11.0,78734792.0
353,33.0,16.0,12.0,76040156.0
354,34.0,16.0,1.0,36583632.0
355,34.0,16.0,2.0,40779270.0
356,34.0,16.0,3.0,46968517.0
357,34.0,16.0,4.0,45139669.0
358,34.0,16.0,5.0,47224573.0
359,34.0,16.0,6.0,45298683.0
360,34.0,16.0,7.0,45257314.0
361,34.0,16.0,8.0,37020949.0
362,34.0,16.0,9.0,38121536.0
363,34.0,16.0,10.0,42091749.0
364,34.0,16.0,11.0,38431742.0
365,34.0,16.0,12.0,41727378.0
366,35.0,16.0,1.0,27987175.0
367,35.0,16.0,2.0,28168916.0
368,35.0,16.0,3.0,30887688.0
369,35.0,16.0,4.0,30644223.0
370,35.0,16.0,5.0,32450599.0
371,35.0,16.0,6.0,28320410.0
372,35.0,16.0,7.0,31781107.0
373,35.0,16.0,8.0,32434603.0
374,35.0,16.0,9.0,31741010.0
375,35.0,16.0,10.0,30641753.0
376,35.0,16.0,11.0,31052996.0
377,35.0,16.0,12.0,32405668.0
378,36.0,16.0,1.0,104932352.0
379,36.0,16.0,2.0,103159091.0
380,36.0,16.0,3.0,106422149.0
381,36.0,16.0,4.0,108944379.0
382,36.0,16.0,5.0,118511952.0
383,36.0,16.0,6.0,121883551.0
384,36.0,16.0,7.0,126315018.0
385,36.0,16.0,8.0,126406018.0
386,36.0,16.0,9.0,121590802.0
387,36.0,16.0,10.0,60002982.0
388,36.0,16.0,11.0,104950096.0
389,36.0,16.0,12.0,116364083.0
390,37.0,16.0,1.0,27887940.0
391,37.0,16.0,2.0,28818680.0
392,37.0,16.0,3.0,37201334.0
393,37.0,16.0,4.0,35417071.0
394,37.0,16.0,5.0,38402624.0
395,37.0,16.0,6.0,35469347.0
396,37.0,16.0,7.0,35310477.0
397,37.0,16.0,8.0,37190565.0
398,37.0,16.0,9.0,29499253.0
399,37.0,16.0,10.0,26810641.0
400,37.0,16.0,11.0,33222106.0
401,37.0,16.0,12.0,30436577.0
402,38.0,16.0,1.0,1489028.0
403,38.0,16.0,2.0,1422621.0
404,38.0,16.0,3.0,1843230.0
405,38.0,16.0,4.0,1777063.0
406,38.0,16.0,5.0,1967705.0
407,38.0,16.0,6.0,1359837.0
408,38.0,16.0,7.0,1850922.0
409,38.0,16.0,8.0,1826555.0
410,38.0,16.0,9.0,1901934.0
411,38.0,16.0,10.0,1881718.0
412,38.0,16.0,11.0,1649139.0
413,38.0,16.0,12.0,1720417.0
414,39.0,16.0,1.0,163073743.0
415,39.0,16.0,2.0,169820632.0
416,39.0,16.0,3.0,196665943.0
417,39.0,16.0,4.0,194656714.0
418,39.0,16.0,5.0,202936412.0
419,39.0,16.0,6.0,196975808.0
420,39.0,16.0,7.0,194176232.0
421,39.0,16.0,8.0,188341021.0
422,39.0,16.0,9.0,171155976.0
423,39.0,16.0,10.0,174441138.0
424,39.0,16.0,11.0,164330026.0
425,39.0,16.0,12.0,157050175.0
426,40.0,16.0,1.0,63967475.0
427,40.0,16.0,2.0,64822960.0
428,40.0,16.0,3.0,70761880.0
429,40.0,16.0,4.0,68870325.0
430,40.0,16.0,5.0,72192534.0
431,40.0,16.0,6.0,69930433.0
432,40.0,16.0,7.0,66047551.0
433,40.0,16.0,8.0,66978653.0
434,40.0,16.0,9.0,63250449.0
435,40.0,16.0,10.0,71917860.0
436,40.0,16.0,11.0,70643315.0
437,40.0,16.0,12.0,74426253.0
438,41.0,16.0,1.0,119535417.0
439,41.0,16.0,2.0,125062978.0
440,41.0,16.0,3.0,137810143.0
441,41.0,16.0,4.0,131941748.0
442,41.0,16.0,5.0,135347162.0
443,41.0,16.0,6.0,143466436.0
444,41.0,16.0,7.0,149576268.0
445,41.0,16.0,8.0,148753963.0
446,41.0,16.0,9.0,140142887.0
447,41.0,16.0,10.0,132186539.0
448,41.0,16.0,11.0,123110424.0
449,41.0,16.0,12.0,116301399.0
450,42.0,16.0,1.0,25228710.0
451,42.0,16.0,2.0,25953506.0
452,42.0,16.0,3.0,31333397.0
453,42.0,16.0,4.0,30212839.0
454,42.0,16.0,5.0,31690733.0
455,42.0,16.0,6.0,31199204.0
456,42.0,16.0,7.0,31663703.0
457,42.0,16.0,8.0,31581879.0
458,42.0,16.0,9.0,29921151.0
459,42.0,16.0,10.0,29905818.0
460,42.0,16.0,11.0,26691287.0
461,42.0,16.0,12.0,27229081.0
462,44.0,16.0,1.0,204458366.0
463,44.0,16.0,2.0,206100016.0
464,44.0,16.0,3.0,230450789.0
465,44.0,16.0,4.0,207362525.0
466,44.0,16.0,5.0,234746038.0
467,44.0,16.0,6.0,252074056.0
468,44.0,16.0,7.0,243241683.0
469,44.0,16.0,8.0,213927767.0
470,44.0,16.0,9.0,233849415.0
471,44.0,16.0,10.0,240985909.0
472,44.0,16.0,11.0,197497785.0
473,44.0,16.0,12.0,217920989.0
474,45.0,16.0,1.0,117840196.0
475,45.0,16.0,2.0,125581472.0
476,45.0,16.0,3.0,149060054.0
477,45.0,16.0,4.0,146827726.0
478,45.0,16.0,5.0,145600192.0
479,45.0,16.0,6.0,139789302.0
480,45.0,16.0,7.0,152932802.0
481,45.0,16.0,8.0,142599884.0
482,45.0,16.0,9.0,128111668.0
483,45.0,16.0,10.0,119059655.0
484,45.0,16.0,11.0,118246928.0
485,45.0,16.0,12.0,108051087.0
486,46.0,16.0,1.0,10458577.0
487,46.0,16.0,2.0,9964770.0
488,46.0,16.0,3.0,10398946.0
489,46.0,16.0,4.0,11009802.0
490,46.0,16.0,5.0,12325766.0
491,46.0,16.0,6.0,12651934.0
492,46.0,16.0,7.0,10719060.0
493,46.0,16.0,8.0,11599890.0
494,46.0,16.0,9.0,10525263.0
495,46.0,16.0,10.0,9874486.0
496,46.0,16.0,11.0,8336778.0
497,46.0,16.0,12.0,7347726.0
498,47.0,16.0,1.0,12015677.0
499,47.0,16.0,2.0,24984739.0
500,47.0,16.0,3.0,35516689.0
501,47.0,16.0,4.0,34459691.0
502,47.0,16.0,5.0,31806267.0
503,47.0,16.0,6.0,32208806.0
504,47.0,16.0,7.0,33190835.0
505,47.0,16.0,8.0,26583040.0
506,47.0,16.0,9.0,23760240.0
507,47.0,16.0,10.0,29992955.0
508,47.0,16.0,11.0,25611434.0
509,47.0,16.0,12.0,16549412.0
510,48.0,16.0,1.0,233366761.0
511,48.0,16.0,2.0,228490209.0
512,48.0,16.0,3.0,230394077.0
513,48.0,16.0,4.0,226827095.0
514,48.0,16.0,5.0,239996735.0
515,48.0,16.0,6.0,234330685.0
516,48.0,16.0,7.0,243618263.0
517,48.0,16.0,8.0,235113472.0
518,48.0,16.0,9.0,226470159.0
519,48.0,16.0,10.0,240620684.0
520,48.0,16.0,11.0,220764003.0
521,48.0,16.0,12.0,213983208.0
522,49.0,16.0,1.0,96374550.0
523,49.0,16.0,2.0,97398816.0
524,49.0,16.0,3.0,109736226.0
525,49.0,16.0,4.0,103030179.0
526,49.0,16.0,5.0,106023002.0
527,49.0,16.0,6.0,107169729.0
528,49.0,16.0,7.0,111330096.0
529,49.0,16.0,8.0,116707447.0
530,49.0,16.0,9.0,109515994.0
531,49.0,16.0,10.0,110063556.0
532,49.0,16.0,11.0,102275951.0
533,49.0,16.0,12.0,99501008.0
534,50.0,16.0,1.0,18258913.0
535,50.0,16.0,2.0,18939441.0
536,50.0,16.0,3.0,19628327.0
537,50.0,16.0,4.0,19190861.0
538,50.0,16.0,5.0,21809995.0
539,50.0,16.0,6.0,19813857.0
540,50.0,16.0,7.0,19605533.0
541,50.0,16.0,8.0,21092424.0
542,50.0,16.0,9.0,20699590.0
543,50.0,16.0,10.0,23055176.0
544,50.0,16.0,11.0,19358583.0
545,50.0,16.0,12.0,19970242.0
546,51.0,16.0,1.0,473907269.0
547,51.0,16.0,2.0,494853270.0
548,51.0,16.0,3.0,589211769.0
549,51.0,16.0,4.0,580618879.0
550,51.0,16.0,5.0,614935308.0
551,51.0,16.0,6.0,622887568.0
552,51.0,16.0,7.0,638856277.0
553,51.0,16.0,8.0,626382864.0
554,51.0,16.0,9.0,575627688.0
555,51.0,16.0,10.0,595300167.0
556,51.0,16.0,11.0,571022111.0
557,51.0,16.0,12.0,569830536.0
558,53.0,16.0,1.0,183346083.0
559,53.0,16.0,2.0,80863593.0
560,53.0,16.0,3.0,87781656.0
561,53.0,16.0,4.0,89360147.0
562,53.0,16.0,5.0,90468446.0
563,53.0,16.0,6.0,88857785.0
564,53.0,16.0,7.0,86188056.0
565,53.0,16.0,8.0,73081964.0
566,53.0,16.0,9.0,67102348.0
567,53.0,16.0,10.0,45295923.0
568,53.0,16.0,11.0,65486647.0
569,53.0,16.0,12.0,65868472.0
570,54.0,16.0,1.0,12202412.0
571,54.0,16.0,2.0,16285089.0
572,54.0,16.0,3.0,19277319.0
573,54.0,16.0,4.0,18634570.0
574,54.0,16.0,5.0,18970921.0
575,54.0,16.0,6.0,20886279.0
576,54.0,16.0,7.0,21953962.0
577,54.0,16.0,8.0,20321810.0
578,54.0,16.0,9.0,17458434.0
579,54.0,16.0,10.0,21898759.0
580,54.0,16.0,11.0,20717341.0
581,54.0,16.0,12.0,18406697.0
582,55.0,16.0,1.0,164342801.0
583,55.0,16.0,2.0,151146114.0
584,55.0,16.0,3.0,151089560.0
585,55.0,16.0,4.0,162809202.0
586,55.0,16.0,5.0,145571226.0
587,55.0,16.0,6.0,192152736.0
588,55.0,16.0,7.0,206005036.0
589,55.0,16.0,8.0,202274118.0
590,55.0,16.0,9.0,172753974.0
591,55.0,16.0,10.0,195232928.0
592,55.0,16.0,11.0,161391269.0
593,55.0,16.0,12.0,148826375.0
594,56.0,16.0,1.0,19743031.0
595,56.0,16.0,2.0,19096266.0
596,56.0,16.0,3.0,20869951.0
597,56.0,16.0,4.0,20373743.0
598,56.0,16.0,5.0,21138272.0
599,56.0,16.0,6.0,21946320.0
600,56.0,16.0,7.0,25139166.0
601,56.0,16.0,8.0,25449281.0
602,56.0,16.0,9.0,21876333.0
603,56.0,16.0,10.0,21794746.0
604,56.0,16.0,11.0,17786971.0
605,56.0,16.0,12.0,17046000.0
0,1.0,17.0,1.0,121492505.0
1,1.0,17.0,2.0,126420173.0
2,1.0,17.0,3.0,146368314.0
3,1.0,17.0,4.0,142435661.0
4,1.0,17.0,5.0,147746644.0
5,1.0,17.0,6.0,142292205.0
6,1.0,17.0,7.0,146244299.0
7,1.0,17.0,8.0,145995722.0
8,1.0,17.0,9.0,136953151.0
9,1.0,17.0,10.0,221901850.0
10,1.0,17.0,11.0,208662941.0
11,1.0,17.0,12.0,206125443.0
12,2.0,17.0,1.0,27578962.0
13,2.0,17.0,2.0,27499449.0
14,2.0,17.0,3.0,31892647.0
15,2.0,17.0,4.0,35030538.0
16,2.0,17.0,5.0,38333933.0
17,2.0,17.0,6.0,38574680.0
18,2.0,17.0,7.0,37446677.0
19,2.0,17.0,8.0,37502282.0
20,2.0,17.0,9.0,35410202.0
21,2.0,17.0,10.0,35390612.0
22,2.0,17.0,11.0,29213720.0
23,2.0,17.0,12.0,28663515.0
24,4.0,17.0,1.0,418171469.0
25,4.0,17.0,2.0,381912537.0
26,4.0,17.0,3.0,492199942.0
27,4.0,17.0,4.0,470185148.0
28,4.0,17.0,5.0,280432862.0
29,4.0,17.0,6.0,329019418.0
30,4.0,17.0,7.0,158587041.0
31,4.0,17.0,8.0,94574579.0
32,4.0,17.0,9.0,181968379.0
33,4.0,17.0,10.0,393503786.0
34,4.0,17.0,11.0,341461304.0
35,4.0,17.0,12.0,355097576.0
36,5.0,17.0,1.0,1035250.0
37,5.0,17.0,2.0,1731812.0
38,5.0,17.0,3.0,1227229.0
39,5.0,17.0,4.0,1155119.0
40,5.0,17.0,5.0,1340635.0
41,5.0,17.0,6.0,1413910.0
42,5.0,17.0,8.0,1408904.0
43,5.0,17.0,9.0,1335718.0
44,5.0,17.0,10.0,1354401.0
45,5.0,17.0,11.0,1090034.0
46,5.0,17.0,12.0,1275173.0
47,6.0,17.0,1.0,341725962.0
48,6.0,17.0,2.0,315920347.0
49,6.0,17.0,3.0,306276911.0
50,6.0,17.0,4.0,387773594.0
51,6.0,17.0,5.0,422171467.0
52,6.0,17.0,6.0,422775492.0
53,6.0,17.0,7.0,409062331.0
54,6.0,17.0,8.0,418010990.0
55,6.0,17.0,9.0,389442076.0
56,6.0,17.0,10.0,418062836.0
57,6.0,17.0,11.0,282739313.0
58,6.0,17.0,12.0,314328984.0
59,8.0,17.0,1.0,83831469.0
60,8.0,17.0,2.0,91994726.0
61,8.0,17.0,3.0,101003569.0
62,8.0,17.0,4.0,96829259.0
63,8.0,17.0,5.0,101537209.0
64,8.0,17.0,6.0,111738945.0
65,8.0,17.0,7.0,110761153.0
66,8.0,17.0,8.0,107521574.0
67,8.0,17.0,9.0,104361844.0
68,8.0,17.0,10.0,104821210.0
69,8.0,17.0,11.0,96824089.0
70,8.0,17.0,12.0,98439196.0
71,9.0,17.0,1.0,41535993.0
72,9.0,17.0,2.0,38105555.0
73,9.0,17.0,3.0,43823456.0
74,9.0,17.0,4.0,46116905.0
75,9.0,17.0,5.0,34274490.0
76,9.0,17.0,6.0,30133572.0
77,9.0,17.0,7.0,26742726.0
78,9.0,17.0,8.0,27731768.0
79,9.0,17.0,9.0,23906812.0
80,9.0,17.0,10.0,29959298.0
81,9.0,17.0,11.0,25432138.0
82,9.0,17.0,12.0,29118280.0
83,10.0,17.0,1.0,33717807.0
84,10.0,17.0,2.0,32577578.0
85,10.0,17.0,3.0,36378475.0
86,10.0,17.0,4.0,38408056.0
87,10.0,17.0,5.0,43935568.0
88,10.0,17.0,6.0,44532150.0
89,10.0,17.0,7.0,48464967.0
90,10.0,17.0,8.0,53406707.0
91,10.0,17.0,9.0,46112034.0
92,10.0,17.0,10.0,46923768.0
93,10.0,17.0,11.0,39219769.0
94,10.0,17.0,12.0,37103019.0
95,11.0,17.0,1.0,6412503.0
96,11.0,17.0,2.0,6198722.0
97,11.0,17.0,3.0,6923257.0
98,11.0,17.0,4.0,7014302.0
99,11.0,17.0,5.0,7340362.0
100,11.0,17.0,6.0,7045340.0
101,11.0,17.0,7.0,7068619.0
102,11.0,17.0,8.0,7246253.0
103,11.0,17.0,9.0,6988077.0
104,11.0,17.0,10.0,7174886.0
105,11.0,17.0,11.0,6768069.0
106,11.0,17.0,12.0,6927375.0
107,12.0,17.0,1.0,253341135.0
108,12.0,17.0,2.0,243668594.0
109,12.0,17.0,3.0,277915203.0
110,12.0,17.0,4.0,268001106.0
111,12.0,17.0,5.0,281414037.0
112,12.0,17.0,6.0,269172331.0
113,12.0,17.0,7.0,275576224.0
114,12.0,17.0,8.0,267699981.0
115,12.0,17.0,9.0,234779376.0
116,12.0,17.0,10.0,258329278.0
117,12.0,17.0,11.0,255886468.0
118,12.0,17.0,12.0,260213669.0
119,13.0,17.0,1.0,186439901.0
120,13.0,17.0,2.0,193121274.0
121,13.0,17.0,3.0,208511572.0
122,13.0,17.0,4.0,198817974.0
123,13.0,17.0,5.0,221316314.0
124,13.0,17.0,6.0,232757319.0
125,13.0,17.0,7.0,241377393.0
126,13.0,17.0,8.0,217640713.0
127,13.0,17.0,9.0,200414525.0
128,13.0,17.0,10.0,206358335.0
129,13.0,17.0,11.0,144354651.0
130,13.0,17.0,12.0,102030179.0
131,15.0,17.0,1.0,101385085.0
132,15.0,17.0,2.0,95462190.0
133,15.0,17.0,3.0,100722507.0
134,15.0,17.0,4.0,94416319.0
135,15.0,17.0,5.0,103740144.0
136,15.0,17.0,6.0,97798332.0
137,15.0,17.0,7.0,100674400.0
138,15.0,17.0,8.0,107407698.0
139,15.0,17.0,9.0,100525646.0
140,15.0,17.0,10.0,103943836.0
141,15.0,17.0,11.0,90969244.0
142,15.0,17.0,12.0,99095637.0
143,16.0,17.0,1.0,113100113.0
144,16.0,17.0,2.0,122062579.0
145,16.0,17.0,3.0,143708843.0
146,16.0,17.0,4.0,147233156.0
147,16.0,17.0,5.0,158264929.0
148,16.0,17.0,6.0,151653343.0
149,16.0,17.0,7.0,161978171.0
150,16.0,17.0,8.0,165314186.0
151,16.0,17.0,9.0,148030108.0
152,16.0,17.0,10.0,143695155.0
153,16.0,17.0,11.0,136431883.0
154,16.0,17.0,12.0,136931732.0
155,17.0,17.0,1.0,44118080.0
156,17.0,17.0,2.0,46085301.0
157,17.0,17.0,3.0,57457676.0
158,17.0,17.0,4.0,61393356.0
159,17.0,17.0,5.0,66459119.0
160,17.0,17.0,6.0,75235836.0
161,17.0,17.0,7.0,77509842.0
162,17.0,17.0,8.0,75015755.0
163,17.0,17.0,9.0,81234104.0
164,17.0,17.0,10.0,85315099.0
165,17.0,17.0,11.0,70189191.0
166,17.0,17.0,12.0,59535435.0
167,18.0,17.0,1.0,36430125.0
168,18.0,17.0,2.0,34962892.0
169,18.0,17.0,3.0,30834718.0
170,18.0,17.0,4.0,28758640.0
171,18.0,17.0,5.0,37809265.0
172,18.0,17.0,6.0,38029295.0
173,18.0,17.0,7.0,44640702.0
174,18.0,17.0,8.0,45290251.0
175,18.0,17.0,9.0,48576315.0
176,18.0,17.0,10.0,55002407.0
177,18.0,17.0,11.0,51548417.0
178,18.0,17.0,12.0,60239137.0
179,19.0,17.0,1.0,12275801.0
180,19.0,17.0,2.0,14836400.0
181,19.0,17.0,3.0,17644741.0
182,19.0,17.0,4.0,17106577.0
183,19.0,17.0,5.0,20496558.0
184,19.0,17.0,6.0,21782445.0
185,19.0,17.0,7.0,20575695.0
186,19.0,17.0,8.0,19300724.0
187,19.0,17.0,9.0,18761839.0
188,19.0,17.0,10.0,19556866.0
189,19.0,17.0,11.0,20098122.0
190,19.0,17.0,12.0,19875221.0
191,20.0,17.0,1.0,25702435.0
192,20.0,17.0,2.0,25866007.0
193,20.0,17.0,3.0,29819181.0
194,20.0,17.0,4.0,28510933.0
195,20.0,17.0,5.0,31945698.0
196,20.0,17.0,6.0,31097037.0
197,20.0,17.0,7.0,30705599.0
198,20.0,17.0,8.0,31002177.0
199,20.0,17.0,9.0,29352765.0
200,20.0,17.0,10.0,30234664.0
201,20.0,17.0,11.0,29019127.0
202,20.0,17.0,12.0,28800655.0
203,21.0,17.0,1.0,45981801.0
204,21.0,17.0,2.0,44188394.0
205,21.0,17.0,3.0,57560084.0
206,21.0,17.0,4.0,59472346.0
207,21.0,17.0,5.0,61245063.0
208,21.0,17.0,6.0,60048519.0
209,21.0,17.0,7.0,58295521.0
210,21.0,17.0,8.0,56141444.0
211,21.0,17.0,9.0,49275978.0
212,21.0,17.0,10.0,61979555.0
213,21.0,17.0,11.0,49315326.0
214,21.0,17.0,12.0,49375954.0
215,22.0,17.0,1.0,8757280.0
216,22.0,17.0,2.0,8900997.0
217,22.0,17.0,3.0,10263258.0
218,22.0,17.0,4.0,15940851.0
219,22.0,17.0,5.0,15840591.0
220,22.0,17.0,6.0,5473036.0
221,22.0,17.0,7.0,12928238.0
222,22.0,17.0,8.0,12067480.0
223,22.0,17.0,9.0,13860014.0
224,22.0,17.0,10.0,15175437.0
225,22.0,17.0,11.0,15183168.0
226,22.0,17.0,12.0,14893398.0
227,23.0,17.0,1.0,14092275.0
228,23.0,17.0,2.0,15306900.0
229,23.0,17.0,3.0,19217774.0
230,23.0,17.0,4.0,20409879.0
231,23.0,17.0,5.0,22432991.0
232,23.0,17.0,6.0,24268203.0
233,23.0,17.0,7.0,26241377.0
234,23.0,17.0,8.0,26746484.0
235,23.0,17.0,9.0,23459589.0
236,23.0,17.0,10.0,23516287.0
237,23.0,17.0,11.0,20974205.0
238,23.0,17.0,12.0,20019583.0
239,24.0,17.0,1.0,90945017.0
240,24.0,17.0,2.0,90601496.0
241,24.0,17.0,3.0,98392849.0
242,24.0,17.0,4.0,100946272.0
243,24.0,17.0,5.0,107217202.0
244,24.0,17.0,6.0,103589221.0
245,24.0,17.0,7.0,102851328.0
246,24.0,17.0,8.0,104377657.0
247,24.0,17.0,9.0,97205084.0
248,24.0,17.0,10.0,102826008.0
249,24.0,17.0,11.0,98589293.0
250,24.0,17.0,12.0,101640076.0
251,25.0,17.0,1.0,30608863.0
252,25.0,17.0,2.0,41261691.0
253,25.0,17.0,3.0,48458055.0
254,25.0,17.0,4.0,59866074.0
255,25.0,17.0,5.0,42886863.0
256,25.0,17.0,6.0,48092870.0
257,25.0,17.0,7.0,55849378.0
258,25.0,17.0,8.0,55131285.0
259,25.0,17.0,9.0,60125784.0
260,25.0,17.0,10.0,45012047.0
261,25.0,17.0,11.0,47506970.0
262,25.0,17.0,12.0,42834777.0
263,26.0,17.0,1.0,132622825.0
264,26.0,17.0,3.0,139828410.0
265,26.0,17.0,4.0,140494238.0
266,26.0,17.0,5.0,97473894.0
267,26.0,17.0,6.0,153846845.0
268,26.0,17.0,7.0,130179659.0
269,26.0,17.0,8.0,156164861.0
270,26.0,17.0,9.0,151307548.0
271,26.0,17.0,10.0,153782831.0
272,26.0,17.0,11.0,141572809.0
273,26.0,17.0,12.0,129714341.0
274,27.0,17.0,1.0,43719178.0
275,27.0,17.0,2.0,41726178.0
276,27.0,17.0,3.0,47885404.0
277,27.0,17.0,4.0,46720608.0
278,27.0,17.0,5.0,48375753.0
279,27.0,17.0,6.0,49620176.0
280,27.0,17.0,7.0,48338981.0
281,27.0,17.0,8.0,50002293.0
282,27.0,17.0,9.0,47563213.0
283,27.0,17.0,10.0,49301659.0
284,27.0,17.0,11.0,47658771.0
285,27.0,17.0,12.0,46704106.0
286,28.0,17.0,1.0,29812712.0
287,28.0,17.0,2.0,30829895.0
288,28.0,17.0,3.0,51786967.0
289,28.0,17.0,4.0,40994101.0
290,28.0,17.0,5.0,51184184.0
291,28.0,17.0,6.0,40134352.0
292,28.0,17.0,7.0,43674506.0
293,28.0,17.0,8.0,53687262.0
294,28.0,17.0,9.0,37898720.0
295,28.0,17.0,10.0,42244544.0
296,28.0,17.0,11.0,45024809.0
297,28.0,17.0,12.0,41530752.0
298,29.0,17.0,1.0,58482120.0
299,29.0,17.0,2.0,64293954.0
300,29.0,17.0,3.0,75221395.0
301,29.0,17.0,4.0,73052240.0
302,29.0,17.0,5.0,77348917.0
303,29.0,17.0,6.0,77337345.0
304,29.0,17.0,7.0,77443756.0
305,29.0,17.0,8.0,80256920.0
306,29.0,17.0,9.0,75888331.0
307,29.0,17.0,10.0,76240604.0
308,29.0,17.0,11.0,71280342.0
309,29.0,17.0,12.0,66081573.0
310,30.0,17.0,1.0,12434474.0
311,30.0,17.0,2.0,12209372.0
312,30.0,17.0,3.0,14609708.0
313,30.0,17.0,4.0,14932106.0
314,30.0,17.0,5.0,17054690.0
315,30.0,17.0,6.0,18666500.0
316,30.0,17.0,7.0,20472428.0
317,30.0,17.0,8.0,20248869.0
318,30.0,17.0,9.0,16882101.0
319,30.0,17.0,10.0,15604124.0
320,30.0,17.0,11.0,13731541.0
321,30.0,17.0,12.0,13371630.0
322,31.0,17.0,1.0,24106470.0
323,31.0,17.0,2.0,24419741.0
324,31.0,17.0,3.0,28773779.0
325,31.0,17.0,4.0,27627658.0
326,31.0,17.0,5.0,31276774.0
327,31.0,17.0,6.0,31348926.0
328,31.0,17.0,7.0,30830695.0
329,31.0,17.0,8.0,31820487.0
330,31.0,17.0,9.0,29660645.0
331,31.0,17.0,10.0,29905125.0
332,31.0,17.0,11.0,28160053.0
333,31.0,17.0,12.0,27382549.0
334,32.0,17.0,1.0,70550771.0
335,32.0,17.0,2.0,69529514.0
336,32.0,17.0,3.0,77230266.0
337,32.0,17.0,4.0,79525502.0
338,32.0,17.0,5.0,87873669.0
339,32.0,17.0,6.0,89902860.0
340,32.0,17.0,7.0,87895014.0
341,32.0,17.0,8.0,87597268.0
342,32.0,17.0,9.0,89559141.0
343,32.0,17.0,10.0,92613922.0
344,32.0,17.0,11.0,77418348.0
345,32.0,17.0,12.0,86252068.0
346,33.0,17.0,1.0,44692819.0
347,33.0,17.0,2.0,53099946.0
348,33.0,17.0,3.0,76435945.0
349,33.0,17.0,4.0,80801878.0
350,33.0,17.0,5.0,90577215.0
351,33.0,17.0,6.0,94006964.0
352,33.0,17.0,7.0,106801146.0
353,33.0,17.0,8.0,106628339.0
354,33.0,17.0,9.0,91720059.0
355,33.0,17.0,10.0,89642882.0
356,33.0,17.0,11.0,81442052.0
357,33.0,17.0,12.0,77827508.0
358,34.0,17.0,1.0,42525810.0
359,34.0,17.0,2.0,41096876.0
360,34.0,17.0,3.0,42958626.0
361,34.0,17.0,4.0,48009277.0
362,34.0,17.0,5.0,52920955.0
363,34.0,17.0,6.0,50108356.0
364,34.0,17.0,7.0,53517057.0
365,34.0,17.0,8.0,52581782.0
366,34.0,17.0,9.0,50567951.0
367,34.0,17.0,10.0,49620056.0
368,34.0,17.0,11.0,54197975.0
369,34.0,17.0,12.0,42175939.0
370,35.0,17.0,1.0,30644239.0
371,35.0,17.0,2.0,28445273.0
372,35.0,17.0,3.0,32467170.0
373,35.0,17.0,4.0,31571307.0
374,35.0,17.0,5.0,31546289.0
375,35.0,17.0,6.0,34911714.0
376,35.0,17.0,7.0,35353980.0
377,35.0,17.0,8.0,37070743.0
378,35.0,17.0,9.0,35360202.0
379,35.0,17.0,10.0,31035510.0
380,35.0,17.0,11.0,26787709.0
381,35.0,17.0,12.0,29807923.0
382,36.0,17.0,1.0,102160434.0
383,36.0,17.0,2.0,89842515.0
384,36.0,17.0,3.0,56085431.0
385,36.0,17.0,4.0,121805213.0
386,36.0,17.0,5.0,133799020.0
387,36.0,17.0,6.0,129962857.0
388,36.0,17.0,7.0,131355242.0
389,36.0,17.0,8.0,122711225.0
390,36.0,17.0,9.0,125991407.0
391,36.0,17.0,10.0,123196435.0
392,36.0,17.0,11.0,57414737.0
393,36.0,17.0,12.0,108789514.0
394,37.0,17.0,1.0,28075137.0
395,37.0,17.0,2.0,46996873.0
396,37.0,17.0,3.0,53748824.0
397,37.0,17.0,4.0,46827502.0
398,37.0,17.0,5.0,56664356.0
399,37.0,17.0,6.0,56065195.0
400,37.0,17.0,7.0,58561245.0
401,37.0,17.0,8.0,57138399.0
402,37.0,17.0,9.0,73557104.0
403,37.0,17.0,10.0,94634561.0
404,37.0,17.0,11.0,82048689.0
405,37.0,17.0,12.0,86676703.0
406,38.0,17.0,1.0,1423517.0
407,38.0,17.0,2.0,1537092.0
408,38.0,17.0,3.0,1832793.0
409,38.0,17.0,4.0,1846834.0
410,38.0,17.0,5.0,1827811.0
411,38.0,17.0,6.0,1856494.0
412,38.0,17.0,7.0,1714611.0
413,38.0,17.0,8.0,1959238.0
414,38.0,17.0,9.0,1789448.0
415,38.0,17.0,10.0,1821685.0
416,38.0,17.0,11.0,1621699.0
417,38.0,17.0,12.0,1662723.0
418,39.0,17.0,1.0,151480240.0
419,39.0,17.0,2.0,149835388.0
420,39.0,17.0,3.0,169727514.0
421,39.0,17.0,4.0,171040722.0
422,39.0,17.0,5.0,255130497.0
423,39.0,17.0,6.0,250265084.0
424,39.0,17.0,7.0,248720611.0
425,39.0,17.0,8.0,241506359.0
426,39.0,17.0,9.0,220019568.0
427,39.0,17.0,10.0,224709974.0
428,39.0,17.0,11.0,208770454.0
429,39.0,17.0,12.0,204626678.0
430,40.0,17.0,1.0,41328046.0
431,40.0,17.0,2.0,65199214.0
432,40.0,17.0,3.0,74075252.0
433,40.0,17.0,4.0,70134450.0
434,40.0,17.0,5.0,79393663.0
435,40.0,17.0,6.0,77681090.0
436,40.0,17.0,7.0,75546960.0
437,40.0,17.0,8.0,77089116.0
438,40.0,17.0,9.0,72687470.0
439,40.0,17.0,10.0,32107665.0
440,40.0,17.0,11.0,71467745.0
441,40.0,17.0,12.0,70768516.0
442,41.0,17.0,1.0,104111794.0
443,41.0,17.0,2.0,113188364.0
444,41.0,17.0,3.0,135404044.0
445,41.0,17.0,4.0,132092481.0
446,41.0,17.0,5.0,136423898.0
447,41.0,17.0,6.0,138642139.0
448,41.0,17.0,7.0,138280263.0
449,41.0,17.0,8.0,135175327.0
450,41.0,17.0,9.0,116800914.0
451,41.0,17.0,10.0,125126326.0
452,41.0,17.0,11.0,124451844.0
453,41.0,17.0,12.0,124431954.0
454,42.0,17.0,1.0,27142781.0
455,42.0,17.0,2.0,29538695.0
456,42.0,17.0,3.0,32470246.0
457,42.0,17.0,4.0,34728831.0
458,42.0,17.0,5.0,33228518.0
459,42.0,17.0,6.0,29229141.0
460,42.0,17.0,7.0,24948105.0
461,42.0,17.0,8.0,22334665.0
462,42.0,17.0,9.0,20605036.0
463,42.0,17.0,10.0,21402578.0
464,42.0,17.0,11.0,19783214.0
465,42.0,17.0,12.0,21518925.0
466,44.0,17.0,1.0,216945527.0
467,44.0,17.0,2.0,197758560.0
468,44.0,17.0,3.0,213180319.0
469,44.0,17.0,4.0,287088486.0
470,44.0,17.0,5.0,262098340.0
471,44.0,17.0,6.0,246283197.0
472,44.0,17.0,7.0,205412733.0
473,44.0,17.0,8.0,110221869.0
474,44.0,17.0,9.0,104792736.0
475,44.0,17.0,10.0,150910479.0
476,44.0,17.0,11.0,139489410.0
477,44.0,17.0,12.0,141163247.0
478,45.0,17.0,1.0,96117194.0
479,45.0,17.0,2.0,105959416.0
480,45.0,17.0,3.0,122298226.0
481,45.0,17.0,4.0,118016636.0
482,45.0,17.0,5.0,127631379.0
483,45.0,17.0,6.0,123448065.0
484,45.0,17.0,7.0,119161157.0
485,45.0,17.0,8.0,126082693.0
486,45.0,17.0,9.0,109732761.0
487,45.0,17.0,10.0,119887380.0
488,45.0,17.0,11.0,111020941.0
489,45.0,17.0,12.0,94134735.0
490,46.0,17.0,1.0,583571.0
491,46.0,17.0,2.0,8862799.0
492,46.0,17.0,3.0,10379335.0
493,46.0,17.0,4.0,10486818.0
494,46.0,17.0,5.0,10534596.0
495,46.0,17.0,7.0,10834848.0
496,46.0,17.0,8.0,10471174.0
497,46.0,17.0,9.0,9412369.0
498,46.0,17.0,10.0,10954833.0
499,46.0,17.0,11.0,9347560.0
500,46.0,17.0,12.0,9896583.0
501,47.0,17.0,1.0,16107833.0
502,47.0,17.0,2.0,23052771.0
503,47.0,17.0,3.0,29845859.0
504,47.0,17.0,4.0,29539787.0
505,47.0,17.0,5.0,27811412.0
506,47.0,17.0,6.0,23932570.0
507,47.0,17.0,7.0,30863493.0
508,47.0,17.0,8.0,18390436.0
509,47.0,17.0,9.0,18138511.0
510,47.0,17.0,10.0,39944767.0
511,47.0,17.0,11.0,57354199.0
512,47.0,17.0,12.0,17431359.0
513,48.0,17.0,1.0,208415411.0
514,48.0,17.0,2.0,206089662.0
515,48.0,17.0,3.0,242180147.0
516,48.0,17.0,4.0,238855022.0
517,48.0,17.0,5.0,240807577.0
518,48.0,17.0,6.0,238262014.0
519,48.0,17.0,7.0,231891789.0
520,48.0,17.0,8.0,225332998.0
521,48.0,17.0,9.0,218775485.0
522,48.0,17.0,10.0,259625444.0
523,48.0,17.0,11.0,245644811.0
524,48.0,17.0,12.0,226642150.0
525,49.0,17.0,1.0,88895039.0
526,49.0,17.0,2.0,94064175.0
527,49.0,17.0,3.0,111383988.0
528,49.0,17.0,4.0,108145626.0
529,49.0,17.0,5.0,114777545.0
530,49.0,17.0,6.0,116620559.0
531,49.0,17.0,7.0,117116627.0
532,49.0,17.0,8.0,127242689.0
533,49.0,17.0,9.0,112626776.0
534,49.0,17.0,10.0,110738058.0
535,49.0,17.0,11.0,104734086.0
536,49.0,17.0,12.0,113212157.0
537,50.0,17.0,1.0,18634879.0
538,50.0,17.0,2.0,16889847.0
539,50.0,17.0,3.0,19214995.0
540,50.0,17.0,4.0,18823751.0
541,50.0,17.0,5.0,19813461.0
542,50.0,17.0,6.0,20041621.0
543,50.0,17.0,7.0,20568315.0
544,50.0,17.0,8.0,19016426.0
545,50.0,17.0,9.0,17413670.0
546,50.0,17.0,10.0,18925431.0
547,50.0,17.0,11.0,17334052.0
548,50.0,17.0,12.0,16749840.0
549,51.0,17.0,1.0,509530680.0
550,51.0,17.0,2.0,500832693.0
551,51.0,17.0,3.0,587092087.0
552,51.0,17.0,4.0,602016122.0
553,51.0,17.0,5.0,614046326.0
554,51.0,17.0,6.0,613104815.0
555,51.0,17.0,7.0,626000227.0
556,51.0,17.0,8.0,629410175.0
557,51.0,17.0,9.0,564593906.0
558,51.0,17.0,10.0,591053410.0
559,51.0,17.0,11.0,561129764.0
560,51.0,17.0,12.0,556970703.0
561,53.0,17.0,1.0,68571124.0
562,53.0,17.0,2.0,173980619.0
563,53.0,17.0,3.0,203493822.0
564,53.0,17.0,4.0,202315480.0
565,53.0,17.0,5.0,220768704.0
566,53.0,17.0,6.0,218357979.0
567,53.0,17.0,7.0,222296733.0
568,53.0,17.0,8.0,224728549.0
569,53.0,17.0,9.0,205196341.0
570,53.0,17.0,10.0,200472553.0
571,53.0,17.0,11.0,183272345.0
572,53.0,17.0,12.0,185597705.0
573,54.0,17.0,1.0,13712338.0
574,54.0,17.0,2.0,16749365.0
575,54.0,17.0,3.0,20776782.0
576,54.0,17.0,4.0,22672200.0
577,54.0,17.0,5.0,23610918.0
578,54.0,17.0,6.0,22731708.0
579,54.0,17.0,7.0,22794429.0
580,54.0,17.0,8.0,22297132.0
581,54.0,17.0,9.0,20121381.0
582,54.0,17.0,10.0,20215675.0
583,54.0,17.0,11.0,21224196.0
584,54.0,17.0,12.0,18592756.0
585,55.0,17.0,1.0,102068553.0
586,55.0,17.0,2.0,156235982.0
587,55.0,17.0,3.0,175546946.0
588,55.0,17.0,4.0,176021689.0
589,55.0,17.0,5.0,194457284.0
590,55.0,17.0,6.0,201949439.0
591,55.0,17.0,7.0,218651757.0
592,55.0,17.0,8.0,215827064.0
593,55.0,17.0,9.0,203162907.0
594,55.0,17.0,10.0,203559199.0
595,55.0,17.0,11.0,152951904.0
596,55.0,17.0,12.0,166981051.0
597,56.0,17.0,1.0,16254297.0
598,56.0,17.0,2.0,15786513.0
599,56.0,17.0,3.0,17921908.0
600,56.0,17.0,4.0,20172664.0
601,56.0,17.0,5.0,22133670.0
602,56.0,17.0,6.0,24995671.0
603,56.0,17.0,7.0,26079011.0
604,56.0,17.0,8.0,26794888.0
605,56.0,17.0,9.0,24576945.0
606,56.0,17.0,10.0,21334514.0
607,56.0,17.0,11.0,19066061.0
608,56.0,17.0,12.0,19882141.0
0,26.0,18.0,1.0,131461896.0
1,26.0,18.0,2.0,119836580.0
2,26.0,18.0,3.0,139857367.0
3,26.0,18.0,4.0,65418757.0
4,26.0,18.0,5.0,153199505.0
5,26.0,18.0,6.0,150232219.0
6,26.0,18.0,7.0,150113745.0
7,26.0,18.0,8.0,156649203.0
8,26.0,18.0,9.0,141182361.0
9,26.0,18.0,10.0,141733308.0
10,26.0,18.0,11.0,127726395.0
11,26.0,18.0,12.0,130886369.0
12,27.0,18.0,1.0,44227292.0
13,27.0,18.0,2.0,41575661.0
14,27.0,18.0,3.0,48035104.0
15,27.0,18.0,4.0,45933513.0
16,27.0,18.0,5.0,51154325.0
17,27.0,18.0,6.0,50993024.0
18,27.0,18.0,7.0,49981175.0
19,27.0,18.0,8.0,58500072.0
20,27.0,18.0,9.0,42791784.0
21,27.0,18.0,10.0,45337418.0
22,27.0,18.0,11.0,41220669.0
23,27.0,18.0,12.0,32439377.0
24,28.0,18.0,1.0,63781795.0
25,28.0,18.0,2.0,45280850.0
26,28.0,18.0,3.0,47199834.0
27,28.0,18.0,4.0,41459864.0
28,28.0,18.0,5.0,45130875.0
29,28.0,18.0,6.0,43867069.0
30,28.0,18.0,7.0,44493929.0
31,28.0,18.0,8.0,39417258.0
32,28.0,18.0,9.0,42284911.0
33,28.0,18.0,10.0,51543686.0
34,28.0,18.0,11.0,47320988.0
35,28.0,18.0,12.0,48550625.0
36,29.0,18.0,1.0,60597992.0
37,29.0,18.0,2.0,61020896.0
38,29.0,18.0,3.0,73884350.0
39,29.0,18.0,4.0,73725875.0
40,29.0,18.0,6.0,79155012.0
41,29.0,18.0,7.0,77860629.0
42,29.0,18.0,8.0,75723233.0
43,29.0,18.0,9.0,70480933.0
44,29.0,18.0,10.0,75668230.0
45,29.0,18.0,11.0,65667842.0
46,29.0,18.0,12.0,61831836.0
47,30.0,18.0,1.0,13176042.0
48,30.0,18.0,2.0,11800974.0
49,30.0,18.0,3.0,14496977.0
50,30.0,18.0,4.0,14814436.0
51,30.0,18.0,5.0,17415063.0
52,30.0,18.0,6.0,18560822.0
53,30.0,18.0,7.0,20334724.0
54,30.0,18.0,8.0,20004361.0
55,30.0,18.0,9.0,17112952.0
56,30.0,18.0,10.0,17048114.0
57,30.0,18.0,11.0,14459311.0
58,30.0,18.0,12.0,14084504.0
59,31.0,18.0,1.0,25243269.0
60,31.0,18.0,2.0,23858157.0
61,31.0,18.0,3.0,29477129.0
62,31.0,18.0,4.0,28545540.0
63,31.0,18.0,5.0,32059417.0
64,31.0,18.0,6.0,31370072.0
65,31.0,18.0,7.0,31470379.0
66,31.0,18.0,8.0,31947740.0
67,31.0,18.0,9.0,28903926.0
68,31.0,18.0,10.0,29788157.0
69,31.0,18.0,11.0,27469721.0
70,31.0,18.0,12.0,25426292.0
71,32.0,18.0,1.0,80906201.0
72,32.0,18.0,2.0,70169704.0
73,32.0,18.0,3.0,81213227.0
74,32.0,18.0,4.0,89994024.0
75,32.0,18.0,5.0,86640266.0
76,32.0,18.0,6.0,86216568.0
77,32.0,18.0,7.0,89882666.0
78,32.0,18.0,8.0,92175597.0
79,32.0,18.0,9.0,83968962.0
80,32.0,18.0,10.0,86094955.0
81,32.0,18.0,11.0,76848336.0
82,32.0,18.0,12.0,79070922.0
83,33.0,18.0,1.0,74218668.0
84,33.0,18.0,2.0,75368282.0
85,33.0,18.0,3.0,80064703.0
86,33.0,18.0,4.0,78620796.0
87,33.0,18.0,5.0,92375133.0
88,33.0,18.0,6.0,91571620.0
89,33.0,18.0,7.0,100631340.0
90,33.0,18.0,8.0,104662106.0
91,33.0,18.0,9.0,88046469.0
92,33.0,18.0,10.0,84743803.0
93,33.0,18.0,11.0,70400446.0
94,33.0,18.0,12.0,69111762.0
95,34.0,18.0,1.0,49529637.0
96,34.0,18.0,2.0,41569188.0
97,34.0,18.0,3.0,50624416.0
98,34.0,18.0,4.0,55582388.0
99,34.0,18.0,5.0,55133388.0
100,34.0,18.0,6.0,56217855.0
101,34.0,18.0,7.0,58364989.0
102,34.0,18.0,8.0,54495519.0
103,34.0,18.0,9.0,52184586.0
104,34.0,18.0,10.0,51644748.0
105,34.0,18.0,11.0,44060655.0
106,34.0,18.0,12.0,64697068.0
107,35.0,18.0,1.0,24620235.0
108,35.0,18.0,2.0,21434342.0
109,35.0,18.0,3.0,24217440.0
110,35.0,18.0,4.0,22747935.0
111,35.0,18.0,5.0,26605941.0
112,35.0,18.0,6.0,26094900.0
113,35.0,18.0,7.0,25659936.0
114,35.0,18.0,8.0,22659226.0
115,35.0,18.0,9.0,19824188.0
116,35.0,18.0,10.0,18241873.0
117,35.0,18.0,11.0,17345016.0
118,35.0,18.0,12.0,21126835.0
119,36.0,18.0,1.0,108632530.0
120,36.0,18.0,2.0,85788327.0
121,36.0,18.0,3.0,105482630.0
122,36.0,18.0,4.0,109100300.0
123,36.0,18.0,5.0,114839858.0
124,36.0,18.0,6.0,104574246.0
125,36.0,18.0,7.0,128456935.0
126,36.0,18.0,8.0,134205455.0
127,36.0,18.0,9.0,115991600.0
128,36.0,18.0,10.0,113703011.0
129,36.0,18.0,11.0,100782386.0
130,36.0,18.0,12.0,95889869.0
131,37.0,18.0,1.0,76325255.0
132,37.0,18.0,2.0,76098661.0
133,37.0,18.0,3.0,86018217.0
134,37.0,18.0,4.0,89548873.0
135,37.0,18.0,5.0,94415131.0
136,37.0,18.0,6.0,94230712.0
137,37.0,18.0,7.0,96822155.0
138,37.0,18.0,8.0,100129154.0
139,37.0,18.0,9.0,83694495.0
140,37.0,18.0,10.0,104847537.0
141,37.0,18.0,11.0,94265155.0
142,37.0,18.0,12.0,88069307.0
143,38.0,18.0,1.0,1714913.0
144,38.0,18.0,2.0,1553756.0
145,38.0,18.0,3.0,1708204.0
146,38.0,18.0,4.0,1824940.0
147,38.0,18.0,5.0,1968272.0
148,38.0,18.0,6.0,1804994.0
149,38.0,18.0,7.0,1770530.0
150,38.0,18.0,8.0,1795641.0
151,38.0,18.0,9.0,1622758.0
152,38.0,18.0,10.0,1732125.0
153,38.0,18.0,11.0,1461198.0
154,38.0,18.0,12.0,1563279.0
155,39.0,18.0,1.0,184609702.0
156,39.0,18.0,2.0,187867834.0
157,39.0,18.0,3.0,220993403.0
158,39.0,18.0,4.0,215008588.0
159,39.0,18.0,5.0,229028647.0
160,39.0,18.0,6.0,229265965.0
161,39.0,18.0,7.0,233751018.0
162,39.0,18.0,8.0,244329735.0
163,39.0,18.0,9.0,224027664.0
164,39.0,18.0,10.0,240014771.0
165,39.0,18.0,11.0,218869079.0
166,39.0,18.0,12.0,223622210.0
167,40.0,18.0,1.0,63216904.0
168,40.0,18.0,2.0,46828242.0
169,40.0,18.0,3.0,64181500.0
170,40.0,18.0,4.0,69928225.0
171,40.0,18.0,5.0,82266007.0
172,40.0,18.0,6.0,56377779.0
173,40.0,18.0,7.0,76557805.0
174,40.0,18.0,8.0,79175565.0
175,40.0,18.0,9.0,74962396.0
176,40.0,18.0,10.0,80627377.0
177,40.0,18.0,11.0,75749440.0
178,40.0,18.0,12.0,75957128.0
179,41.0,18.0,1.0,122801570.0
180,41.0,18.0,2.0,115685418.0
181,41.0,18.0,3.0,138977923.0
182,41.0,18.0,4.0,134646688.0
183,41.0,18.0,5.0,131863516.0
184,41.0,18.0,6.0,133595514.0
185,41.0,18.0,7.0,128680523.0
186,41.0,18.0,8.0,128781627.0
187,41.0,18.0,9.0,119688371.0
188,41.0,18.0,10.0,126888859.0
189,41.0,18.0,11.0,116544626.0
190,41.0,18.0,12.0,116090850.0
191,42.0,18.0,1.0,18143144.0
192,42.0,18.0,2.0,14935894.0
193,42.0,18.0,3.0,19806923.0
194,42.0,18.0,4.0,14695814.0
195,42.0,18.0,5.0,16101851.0
196,42.0,18.0,6.0,13135017.0
197,42.0,18.0,7.0,18897674.0
198,42.0,18.0,8.0,19505918.0
199,42.0,18.0,9.0,17356155.0
200,42.0,18.0,10.0,20245751.0
201,42.0,18.0,11.0,17600065.0
202,42.0,18.0,12.0,23494676.0
203,44.0,18.0,1.0,98237128.0
204,44.0,18.0,2.0,108632495.0
205,44.0,18.0,3.0,90423680.0
206,44.0,18.0,4.0,101087852.0
207,44.0,18.0,5.0,108707654.0
208,44.0,18.0,6.0,104684719.0
209,44.0,18.0,7.0,105330758.0
210,44.0,18.0,8.0,113045381.0
211,44.0,18.0,9.0,51939252.0
212,44.0,18.0,10.0,104169143.0
213,44.0,18.0,11.0,82528507.0
214,44.0,18.0,12.0,69829724.0
215,45.0,18.0,1.0,93609371.0
216,45.0,18.0,2.0,105283328.0
217,45.0,18.0,3.0,124727582.0
218,45.0,18.0,4.0,122047096.0
219,45.0,18.0,5.0,125218221.0
220,45.0,18.0,6.0,130700568.0
221,45.0,18.0,7.0,131860132.0
222,45.0,18.0,8.0,126342327.0
223,45.0,18.0,9.0,107139370.0
224,45.0,18.0,10.0,125390819.0
225,45.0,18.0,11.0,120638041.0
226,45.0,18.0,12.0,110914079.0
227,46.0,18.0,1.0,9364075.0
228,46.0,18.0,2.0,8435536.0
229,46.0,18.0,3.0,10494932.0
230,46.0,18.0,4.0,9758278.0
231,46.0,18.0,5.0,10915321.0
232,46.0,18.0,6.0,10950957.0
233,46.0,18.0,7.0,10772805.0
234,46.0,18.0,8.0,13188588.0
235,46.0,18.0,9.0,12397190.0
236,46.0,18.0,10.0,11694705.0
237,46.0,18.0,11.0,9062605.0
238,46.0,18.0,12.0,10296317.0
239,47.0,18.0,1.0,16654358.0
240,47.0,18.0,2.0,23140202.0
241,47.0,18.0,3.0,35828297.0
242,47.0,18.0,4.0,23301431.0
243,47.0,18.0,5.0,40271146.0
244,47.0,18.0,6.0,40564700.0
245,47.0,18.0,7.0,34825486.0
246,47.0,18.0,8.0,39586172.0
247,47.0,18.0,9.0,25717220.0
248,47.0,18.0,10.0,31790647.0
249,47.0,18.0,11.0,23497114.0
250,47.0,18.0,12.0,22942550.0
251,48.0,18.0,1.0,228388595.0
252,48.0,18.0,2.0,203692406.0
253,48.0,18.0,3.0,237787688.0
254,48.0,18.0,4.0,237429874.0
255,48.0,18.0,5.0,251863704.0
256,48.0,18.0,6.0,245115029.0
257,48.0,18.0,7.0,236989995.0
258,48.0,18.0,8.0,252033680.0
259,48.0,18.0,9.0,225398849.0
260,48.0,18.0,10.0,208396953.0
261,48.0,18.0,11.0,208139810.0
262,48.0,18.0,12.0,206617901.0
263,49.0,18.0,1.0,182883055.0
264,49.0,18.0,2.0,169272212.0
265,49.0,18.0,3.0,199073100.0
266,49.0,18.0,4.0,195938006.0
267,49.0,18.0,5.0,216307627.0
268,49.0,18.0,6.0,219647986.0
269,49.0,18.0,7.0,223520782.0
270,49.0,18.0,8.0,223150422.0
271,49.0,18.0,9.0,117276457.0
272,49.0,18.0,10.0,122678787.0
273,49.0,18.0,11.0,114062215.0
274,49.0,18.0,12.0,106488515.0
275,50.0,18.0,1.0,15839449.0
276,50.0,18.0,2.0,13606770.0
277,50.0,18.0,3.0,15199266.0
278,50.0,18.0,4.0,13257305.0
279,50.0,18.0,5.0,14112625.0
280,50.0,18.0,6.0,15972858.0
281,50.0,18.0,7.0,19481551.0
282,50.0,18.0,8.0,17969523.0
283,50.0,18.0,9.0,17039079.0
284,50.0,18.0,10.0,17367133.0
285,50.0,18.0,11.0,15246818.0
286,50.0,18.0,12.0,17355131.0
287,51.0,18.0,1.0,497668807.0
288,51.0,18.0,2.0,486528556.0
289,51.0,18.0,3.0,571739768.0
290,51.0,18.0,4.0,578534945.0
291,51.0,18.0,5.0,604657077.0
292,51.0,18.0,6.0,586180307.0
293,51.0,18.0,7.0,602958731.0
294,51.0,18.0,8.0,610430247.0
295,51.0,18.0,9.0,518751064.0
296,51.0,18.0,10.0,581411684.0
297,51.0,18.0,11.0,507905048.0
298,51.0,18.0,12.0,528947483.0
299,53.0,18.0,1.0,157326804.0
300,53.0,18.0,2.0,176511463.0
301,53.0,18.0,3.0,201982117.0
302,53.0,18.0,4.0,204690379.0
303,53.0,18.0,5.0,220377095.0
304,53.0,18.0,6.0,219206517.0
305,53.0,18.0,7.0,229037669.0
306,53.0,18.0,8.0,34027764.0
307,53.0,18.0,9.0,208681269.0
308,53.0,18.0,10.0,219395734.0
309,53.0,18.0,11.0,213793216.0
310,53.0,18.0,12.0,213145597.0
311,55.0,18.0,4.0,192842667.0
0,1.0,19.0,1.0,355644813.0
1,1.0,19.0,2.0,383869489.0
2,1.0,19.0,3.0,252571764.0
3,1.0,19.0,4.0,243814332.0
4,1.0,19.0,5.0,251601130.0
5,1.0,19.0,6.0,248555381.0
6,1.0,19.0,7.0,255331325.0
7,1.0,19.0,8.0,250945958.0
8,1.0,19.0,9.0,233841925.0
9,1.0,19.0,10.0,205895734.0
10,1.0,19.0,11.0,218877002.0
11,1.0,19.0,12.0,228516690.0
12,2.0,19.0,1.0,27450132.0
13,2.0,19.0,2.0,27838110.0
14,2.0,19.0,3.0,36500870.0
15,2.0,19.0,4.0,39866889.0
16,2.0,19.0,5.0,40395987.0
17,2.0,19.0,6.0,43000936.0
18,2.0,19.0,7.0,44060490.0
19,2.0,19.0,8.0,44726002.0
20,2.0,19.0,9.0,38970007.0
21,2.0,19.0,10.0,40772603.0
22,2.0,19.0,11.0,32366846.0
23,2.0,19.0,12.0,32425276.0
24,4.0,19.0,1.0,278467316.0
25,4.0,19.0,2.0,269198648.0
26,4.0,19.0,3.0,343392337.0
27,4.0,19.0,4.0,293510063.0
28,4.0,19.0,5.0,259536405.0
29,4.0,19.0,6.0,248545911.0
30,4.0,19.0,7.0,241451948.0
31,4.0,19.0,8.0,220930863.0
32,4.0,19.0,9.0,203942778.0
33,4.0,19.0,10.0,225014842.0
34,4.0,19.0,11.0,205990666.0
35,4.0,19.0,12.0,111039511.0
36,5.0,19.0,1.0,11569480.0
37,5.0,19.0,2.0,11514648.0
38,5.0,19.0,3.0,14918540.0
39,5.0,19.0,4.0,13864525.0
40,5.0,19.0,5.0,15989587.0
41,5.0,19.0,6.0,16322693.0
42,5.0,19.0,7.0,16050153.0
43,5.0,19.0,8.0,16570904.0
44,5.0,19.0,9.0,15838911.0
45,5.0,19.0,10.0,14734854.0
46,5.0,19.0,11.0,12518998.0
47,5.0,19.0,12.0,13588353.0
48,6.0,19.0,1.0,369166591.0
49,6.0,19.0,2.0,336110707.0
50,6.0,19.0,3.0,374445273.0
51,6.0,19.0,4.0,409616281.0
52,6.0,19.0,5.0,430082538.0
53,6.0,19.0,6.0,407175990.0
54,6.0,19.0,7.0,417900507.0
55,6.0,19.0,8.0,439941149.0
56,6.0,19.0,9.0,479933810.0
57,6.0,19.0,10.0,512523369.0
58,6.0,19.0,11.0,483148773.0
59,6.0,19.0,12.0,469256697.0
60,8.0,19.0,1.0,100544840.0
61,8.0,19.0,2.0,93018207.0
62,8.0,19.0,3.0,95368610.0
63,8.0,19.0,4.0,105921610.0
64,8.0,19.0,5.0,110621116.0
65,8.0,19.0,6.0,113167442.0
66,8.0,19.0,7.0,109975792.0
67,8.0,19.0,8.0,118305552.0
68,8.0,19.0,9.0,101697298.0
69,8.0,19.0,10.0,103104965.0
70,8.0,19.0,11.0,94844254.0
71,8.0,19.0,12.0,101940167.0
72,9.0,19.0,1.0,38758587.0
73,9.0,19.0,2.0,33325547.0
74,9.0,19.0,3.0,38610072.0
75,9.0,19.0,4.0,42298388.0
76,9.0,19.0,5.0,45034932.0
77,9.0,19.0,6.0,35494627.0
78,9.0,19.0,7.0,25093912.0
79,9.0,19.0,8.0,32675593.0
80,9.0,19.0,9.0,30399663.0
81,9.0,19.0,10.0,29417449.0
82,9.0,19.0,11.0,28196403.0
83,9.0,19.0,12.0,26727469.0
84,10.0,19.0,1.0,17376229.0
85,10.0,19.0,2.0,26604071.0
86,10.0,19.0,3.0,23027755.0
87,10.0,19.0,4.0,27467811.0
88,10.0,19.0,5.0,20934819.0
89,10.0,19.0,6.0,18792844.0
90,10.0,19.0,7.0,27886469.0
91,10.0,19.0,8.0,23993262.0
92,10.0,19.0,9.0,21294612.0
93,10.0,19.0,10.0,21120365.0
94,10.0,19.0,11.0,19800247.0
95,10.0,19.0,12.0,16689787.0
96,11.0,19.0,1.0,7832696.0
97,11.0,19.0,2.0,7618610.0
98,11.0,19.0,3.0,8519979.0
99,11.0,19.0,4.0,8500462.0
100,11.0,19.0,5.0,6903055.0
101,11.0,19.0,6.0,6578307.0
102,11.0,19.0,7.0,6296566.0
103,11.0,19.0,8.0,5015061.0
104,11.0,19.0,9.0,4003777.0
105,11.0,19.0,10.0,4164722.0
106,11.0,19.0,11.0,3905544.0
107,11.0,19.0,12.0,6190264.0
108,12.0,19.0,1.0,399866721.0
109,12.0,19.0,2.0,376398934.0
110,12.0,19.0,3.0,399568151.0
111,12.0,19.0,4.0,388454399.0
112,12.0,19.0,5.0,392944940.0
113,12.0,19.0,6.0,390200560.0
114,12.0,19.0,7.0,415099086.0
115,12.0,19.0,8.0,365287052.0
116,12.0,19.0,9.0,349796134.0
117,12.0,19.0,10.0,389538643.0
118,12.0,19.0,11.0,388635439.0
119,12.0,19.0,12.0,399919442.0
120,13.0,19.0,1.0,480870707.0
121,13.0,19.0,2.0,448869303.0
122,13.0,19.0,3.0,518464756.0
123,13.0,19.0,4.0,508829953.0
124,13.0,19.0,5.0,531823162.0
125,13.0,19.0,6.0,496876016.0
126,13.0,19.0,7.0,501114299.0
127,13.0,19.0,8.0,507138093.0
128,13.0,19.0,9.0,487500970.0
129,13.0,19.0,10.0,496900396.0
130,13.0,19.0,11.0,459623079.0
131,13.0,19.0,12.0,485044786.0
132,15.0,19.0,1.0,87918638.0
133,15.0,19.0,2.0,81948335.0
134,15.0,19.0,3.0,100463007.0
135,15.0,19.0,4.0,101955264.0
136,15.0,19.0,5.0,104157901.0
137,15.0,19.0,6.0,99772326.0
138,15.0,19.0,7.0,106648132.0
139,15.0,19.0,8.0,104013315.0
140,15.0,19.0,9.0,101036508.0
141,15.0,19.0,10.0,101799429.0
142,15.0,19.0,11.0,102380025.0
143,15.0,19.0,12.0,107137558.0
144,16.0,19.0,1.0,105722751.0
145,16.0,19.0,2.0,89370314.0
146,16.0,19.0,3.0,112660824.0
147,16.0,19.0,4.0,107683253.0
148,16.0,19.0,5.0,121221439.0
149,16.0,19.0,6.0,123393051.0
150,16.0,19.0,7.0,131248179.0
151,16.0,19.0,8.0,126754982.0
152,16.0,19.0,9.0,116886052.0
153,16.0,19.0,10.0,121199892.0
154,16.0,19.0,11.0,98422752.0
155,16.0,19.0,12.0,108570024.0
156,17.0,19.0,1.0,68480241.0
157,17.0,19.0,2.0,49863001.0
158,17.0,19.0,3.0,77735711.0
159,17.0,19.0,4.0,78954900.0
160,17.0,19.0,5.0,82608043.0
161,17.0,19.0,6.0,84274534.0
162,17.0,19.0,7.0,86142275.0
163,17.0,19.0,8.0,82927710.0
164,17.0,19.0,9.0,66490026.0
165,17.0,19.0,10.0,79311057.0
166,17.0,19.0,11.0,57204685.0
167,17.0,19.0,12.0,72262466.0
168,18.0,19.0,1.0,39271996.0
169,18.0,19.0,2.0,33493047.0
170,18.0,19.0,3.0,42987677.0
171,18.0,19.0,4.0,50963286.0
172,18.0,19.0,5.0,48833508.0
173,18.0,19.0,6.0,46534999.0
174,18.0,19.0,7.0,41406553.0
175,18.0,19.0,8.0,35550827.0
176,18.0,19.0,9.0,34228177.0
177,18.0,19.0,10.0,41018163.0
178,18.0,19.0,11.0,42294829.0
179,18.0,19.0,12.0,52322406.0
180,19.0,19.0,1.0,42013428.0
181,19.0,19.0,2.0,37183847.0
182,19.0,19.0,3.0,47164472.0
183,19.0,19.0,4.0,48138065.0
184,19.0,19.0,5.0,53123480.0
185,19.0,19.0,6.0,51041556.0
186,19.0,19.0,7.0,51946626.0
187,19.0,19.0,8.0,26321769.0
188,19.0,19.0,9.0,51826361.0
189,19.0,19.0,10.0,54151333.0
190,19.0,19.0,11.0,48872000.0
191,19.0,19.0,12.0,49471237.0
192,20.0,19.0,1.0,23820523.0
193,20.0,19.0,2.0,21449665.0
194,20.0,19.0,3.0,26948834.0
195,20.0,19.0,4.0,27811030.0
196,20.0,19.0,5.0,28824704.0
197,20.0,19.0,6.0,28356070.0
198,20.0,19.0,7.0,28662889.0
199,20.0,19.0,8.0,28091705.0
200,20.0,19.0,9.0,26090519.0
201,20.0,19.0,10.0,27698875.0
202,20.0,19.0,11.0,28288614.0
203,20.0,19.0,12.0,29029246.0
204,21.0,19.0,1.0,35790602.0
205,21.0,19.0,2.0,33559314.0
206,21.0,19.0,3.0,44524806.0
207,21.0,19.0,4.0,44671862.0
208,21.0,19.0,5.0,55472046.0
209,21.0,19.0,6.0,44349162.0
210,21.0,19.0,7.0,53028302.0
211,21.0,19.0,8.0,45366331.0
212,21.0,19.0,9.0,47884694.0
213,21.0,19.0,10.0,49958228.0
214,21.0,19.0,11.0,36648471.0
215,21.0,19.0,12.0,39796921.0
216,22.0,19.0,1.0,2435330.0
217,22.0,19.0,2.0,2659746.0
218,22.0,19.0,3.0,524350.0
219,22.0,19.0,4.0,264625.0
220,22.0,19.0,6.0,1552052.0
221,22.0,19.0,7.0,1540294.0
222,22.0,19.0,8.0,1872459.0
223,22.0,19.0,9.0,4139949.0
224,22.0,19.0,10.0,9020431.0
225,22.0,19.0,11.0,4460152.0
226,22.0,19.0,12.0,4897653.0
227,23.0,19.0,1.0,24887027.0
228,23.0,19.0,2.0,23664337.0
229,23.0,19.0,3.0,27034854.0
230,23.0,19.0,4.0,27448838.0
231,23.0,19.0,5.0,31358170.0
232,23.0,19.0,6.0,30019624.0
233,23.0,19.0,7.0,31319454.0
234,23.0,19.0,8.0,31803000.0
235,23.0,19.0,9.0,28740076.0
236,23.0,19.0,10.0,28498135.0
237,23.0,19.0,11.0,24573618.0
238,23.0,19.0,12.0,24289682.0
239,24.0,19.0,1.0,99979229.0
240,24.0,19.0,2.0,93078457.0
241,24.0,19.0,3.0,113186889.0
242,24.0,19.0,4.0,118876473.0
243,24.0,19.0,5.0,119801053.0
244,24.0,19.0,6.0,117922086.0
245,24.0,19.0,7.0,117238465.0
246,24.0,19.0,8.0,116612882.0
247,24.0,19.0,9.0,110848349.0
248,24.0,19.0,10.0,115368266.0
249,24.0,19.0,11.0,106321134.0
250,24.0,19.0,12.0,114439999.0
251,25.0,19.0,1.0,221983892.0
252,25.0,19.0,2.0,217541193.0
253,25.0,19.0,3.0,220290764.0
254,25.0,19.0,4.0,308169926.0
255,25.0,19.0,5.0,372526542.0
256,25.0,19.0,6.0,425484972.0
257,25.0,19.0,7.0,426894261.0
258,25.0,19.0,8.0,459301749.0
259,25.0,19.0,9.0,419415896.0
260,25.0,19.0,10.0,415963693.0
261,25.0,19.0,11.0,375472279.0
262,25.0,19.0,12.0,376483865.0
263,26.0,19.0,1.0,125397467.0
264,26.0,19.0,2.0,118230246.0
265,26.0,19.0,3.0,142080278.0
266,26.0,19.0,4.0,127089441.0
267,26.0,19.0,5.0,131979803.0
268,26.0,19.0,6.0,140631402.0
269,26.0,19.0,7.0,130702596.0
270,26.0,19.0,8.0,147318595.0
271,26.0,19.0,9.0,134768534.0
272,26.0,19.0,10.0,141608764.0
273,26.0,19.0,11.0,132801691.0
274,26.0,19.0,12.0,135208078.0
275,27.0,19.0,1.0,75455015.0
276,27.0,19.0,2.0,42525611.0
277,27.0,19.0,3.0,48639737.0
278,27.0,19.0,4.0,51705282.0
279,27.0,19.0,5.0,55527801.0
280,27.0,19.0,6.0,49788181.0
281,27.0,19.0,7.0,18885389.0
282,27.0,19.0,8.0,20939917.0
283,27.0,19.0,9.0,22258151.0
284,27.0,19.0,10.0,23305868.0
285,27.0,19.0,11.0,22127865.0
286,27.0,19.0,12.0,21447178.0
287,28.0,19.0,1.0,65535120.0
288,28.0,19.0,2.0,59920831.0
289,28.0,19.0,3.0,68274717.0
290,28.0,19.0,4.0,63589525.0
291,28.0,19.0,5.0,69471485.0
292,28.0,19.0,6.0,63401924.0
293,28.0,19.0,7.0,59543502.0
294,28.0,19.0,8.0,63126627.0
295,28.0,19.0,9.0,59904620.0
296,28.0,19.0,10.0,62440302.0
297,28.0,19.0,11.0,57541272.0
298,28.0,19.0,12.0,55663346.0
299,29.0,19.0,1.0,43272886.0
300,29.0,19.0,2.0,54749659.0
301,29.0,19.0,3.0,67366309.0
302,29.0,19.0,4.0,73724615.0
303,29.0,19.0,5.0,75942209.0
304,29.0,19.0,6.0,74483957.0
305,29.0,19.0,7.0,77203998.0
306,29.0,19.0,8.0,78175797.0
307,29.0,19.0,9.0,73174801.0
308,29.0,19.0,10.0,75036268.0
309,29.0,19.0,11.0,63452946.0
310,29.0,19.0,12.0,59642956.0
311,30.0,19.0,1.0,13312925.0
312,30.0,19.0,2.0,10928098.0
313,30.0,19.0,3.0,13923613.0
314,30.0,19.0,4.0,14853290.0
315,30.0,19.0,5.0,17119730.0
316,30.0,19.0,6.0,18575441.0
317,30.0,19.0,7.0,20552755.0
318,30.0,19.0,8.0,20063777.0
319,30.0,19.0,9.0,17217820.0
320,30.0,19.0,10.0,16377291.0
321,30.0,19.0,11.0,14469772.0
322,30.0,19.0,12.0,14752120.0
323,31.0,19.0,1.0,24335418.0
324,31.0,19.0,2.0,22184039.0
325,31.0,19.0,3.0,27783982.0
326,31.0,19.0,4.0,29044098.0
327,31.0,19.0,5.0,31353319.0
328,31.0,19.0,6.0,29900083.0
329,31.0,19.0,7.0,31309144.0
330,31.0,19.0,8.0,31417476.0
331,31.0,19.0,9.0,30386232.0
332,31.0,19.0,10.0,31253120.0
333,31.0,19.0,11.0,27817526.0
334,31.0,19.0,12.0,28051826.0
335,32.0,19.0,1.0,88537250.0
336,32.0,19.0,2.0,85003595.0
337,32.0,19.0,3.0,91868608.0
338,32.0,19.0,4.0,104249106.0
339,32.0,19.0,5.0,115851805.0
340,32.0,19.0,6.0,100211422.0
341,32.0,19.0,7.0,100434823.0
342,32.0,19.0,8.0,92431179.0
343,32.0,19.0,9.0,98076692.0
344,32.0,19.0,10.0,98619698.0
345,32.0,19.0,11.0,84758246.0
346,32.0,19.0,12.0,86311633.0
347,33.0,19.0,1.0,67120826.0
348,33.0,19.0,2.0,63780757.0
349,33.0,19.0,3.0,70530903.0
350,33.0,19.0,4.0,67422745.0
351,33.0,19.0,5.0,79553317.0
352,33.0,19.0,6.0,83172321.0
353,33.0,19.0,7.0,94364276.0
354,33.0,19.0,8.0,95619087.0
355,33.0,19.0,9.0,79819093.0
356,33.0,19.0,10.0,77829161.0
357,33.0,19.0,11.0,67502431.0
358,33.0,19.0,12.0,67438376.0
359,34.0,19.0,1.0,76576695.0
360,34.0,19.0,2.0,78091039.0
361,34.0,19.0,3.0,84918154.0
362,34.0,19.0,4.0,89202900.0
363,34.0,19.0,5.0,99945971.0
364,34.0,19.0,6.0,101890650.0
365,34.0,19.0,7.0,107743395.0
366,34.0,19.0,8.0,119606941.0
367,34.0,19.0,9.0,116898093.0
368,34.0,19.0,10.0,118997552.0
369,34.0,19.0,11.0,115807370.0
370,34.0,19.0,12.0,112837684.0
371,35.0,19.0,1.0,20360859.0
372,35.0,19.0,2.0,19382236.0
373,35.0,19.0,3.0,25852579.0
374,35.0,19.0,4.0,24541022.0
375,35.0,19.0,5.0,27636966.0
376,35.0,19.0,6.0,26321052.0
377,35.0,19.0,7.0,23918340.0
378,35.0,19.0,8.0,20533493.0
379,35.0,19.0,9.0,19152807.0
380,35.0,19.0,10.0,19594983.0
381,35.0,19.0,11.0,17824744.0
382,35.0,19.0,12.0,21726289.0
383,36.0,19.0,1.0,109142308.0
384,36.0,19.0,2.0,105703649.0
385,36.0,19.0,3.0,121711184.0
386,36.0,19.0,4.0,114342384.0
387,36.0,19.0,5.0,130360061.0
388,36.0,19.0,6.0,127925246.0
389,36.0,19.0,7.0,143448277.0
390,36.0,19.0,8.0,146375800.0
391,36.0,19.0,9.0,114555702.0
392,36.0,19.0,10.0,117441531.0
393,36.0,19.0,11.0,114879638.0
394,36.0,19.0,12.0,95047269.0
395,37.0,19.0,1.0,72410776.0
396,37.0,19.0,2.0,73753767.0
397,37.0,19.0,3.0,79038238.0
398,37.0,19.0,4.0,67886056.0
399,37.0,19.0,5.0,74170973.0
400,37.0,19.0,6.0,89234683.0
401,37.0,19.0,7.0,91367914.0
402,37.0,19.0,8.0,98369028.0
403,37.0,19.0,9.0,87465381.0
404,37.0,19.0,10.0,71022575.0
405,37.0,19.0,11.0,101277076.0
406,37.0,19.0,12.0,108356341.0
407,38.0,19.0,1.0,9502724.0
408,38.0,19.0,2.0,8296746.0
409,38.0,19.0,3.0,9240968.0
410,38.0,19.0,4.0,10632516.0
411,38.0,19.0,5.0,11686613.0
412,38.0,19.0,6.0,11543272.0
413,38.0,19.0,7.0,11476242.0
414,38.0,19.0,8.0,10912314.0
415,38.0,19.0,9.0,9980963.0
416,38.0,19.0,10.0,10547484.0
417,38.0,19.0,11.0,9884961.0
418,38.0,19.0,12.0,10879816.0
419,39.0,19.0,1.0,205987349.0
420,39.0,19.0,2.0,208802824.0
421,39.0,19.0,3.0,272935027.0
422,39.0,19.0,4.0,276251336.0
423,39.0,19.0,5.0,279645389.0
424,39.0,19.0,6.0,259007391.0
425,39.0,19.0,7.0,261536536.0
426,39.0,19.0,8.0,262067788.0
427,39.0,19.0,9.0,223502897.0
428,39.0,19.0,10.0,237193150.0
429,39.0,19.0,11.0,224479719.0
430,39.0,19.0,12.0,229903626.0
431,40.0,19.0,1.0,75585923.0
432,40.0,19.0,2.0,70240960.0
433,40.0,19.0,3.0,80368944.0
434,40.0,19.0,4.0,55845776.0
435,40.0,19.0,5.0,82081731.0
436,40.0,19.0,6.0,79243834.0
437,40.0,19.0,7.0,82573074.0
438,40.0,19.0,8.0,83348964.0
439,40.0,19.0,9.0,77923696.0
440,40.0,19.0,10.0,82248170.0
441,40.0,19.0,11.0,76469085.0
442,40.0,19.0,12.0,78449831.0
443,41.0,19.0,1.0,116907248.0
444,41.0,19.0,2.0,97466938.0
445,41.0,19.0,3.0,122099190.0
446,41.0,19.0,4.0,122337480.0
447,41.0,19.0,5.0,131645989.0
448,41.0,19.0,6.0,138281035.0
449,41.0,19.0,7.0,140834266.0
450,41.0,19.0,8.0,143200751.0
451,41.0,19.0,9.0,125946732.0
452,41.0,19.0,10.0,140460876.0
453,41.0,19.0,11.0,127526474.0
454,41.0,19.0,12.0,134891700.0
455,42.0,19.0,1.0,63570956.0
456,42.0,19.0,2.0,59210097.0
457,42.0,19.0,3.0,69846927.0
458,42.0,19.0,4.0,75061665.0
459,42.0,19.0,5.0,82144682.0
460,42.0,19.0,6.0,72048872.0
461,42.0,19.0,7.0,71802762.0
462,42.0,19.0,8.0,77949353.0
463,42.0,19.0,9.0,75362770.0
464,42.0,19.0,10.0,87390255.0
465,42.0,19.0,11.0,80033447.0
466,42.0,19.0,12.0,76837190.0
467,44.0,19.0,1.0,78470097.0
468,44.0,19.0,2.0,83372021.0
469,44.0,19.0,3.0,66140319.0
470,44.0,19.0,4.0,82595674.0
471,44.0,19.0,5.0,94480218.0
472,44.0,19.0,6.0,80645386.0
473,44.0,19.0,7.0,88821838.0
474,44.0,19.0,8.0,100902005.0
475,44.0,19.0,9.0,82828381.0
476,44.0,19.0,10.0,78491126.0
477,44.0,19.0,11.0,63017567.0
478,44.0,19.0,12.0,98097905.0
479,45.0,19.0,1.0,132968791.0
480,45.0,19.0,2.0,139455923.0
481,45.0,19.0,3.0,176848045.0
482,45.0,19.0,4.0,175262547.0
483,45.0,19.0,5.0,183436655.0
484,45.0,19.0,6.0,179147482.0
485,45.0,19.0,7.0,196670642.0
486,45.0,19.0,8.0,199151391.0
487,45.0,19.0,9.0,176568084.0
488,45.0,19.0,10.0,192856364.0
489,45.0,19.0,11.0,176020270.0
490,45.0,19.0,12.0,174502998.0
491,46.0,19.0,1.0,9560440.0
492,46.0,19.0,2.0,8670755.0
493,46.0,19.0,3.0,9590004.0
494,46.0,19.0,4.0,10603905.0
495,46.0,19.0,5.0,12336188.0
496,46.0,19.0,6.0,12643965.0
497,46.0,19.0,7.0,13250206.0
498,46.0,19.0,8.0,11908212.0
499,46.0,19.0,9.0,10376712.0
500,46.0,19.0,10.0,11602228.0
501,46.0,19.0,11.0,9548167.0
502,46.0,19.0,12.0,10559077.0
503,47.0,19.0,1.0,25079266.0
504,47.0,19.0,2.0,23678394.0
505,47.0,19.0,3.0,24979158.0
506,47.0,19.0,4.0,25789933.0
507,47.0,19.0,5.0,34585722.0
508,47.0,19.0,6.0,29290098.0
509,47.0,19.0,7.0,31065242.0
510,47.0,19.0,8.0,34891149.0
511,47.0,19.0,9.0,46523782.0
512,47.0,19.0,10.0,56092101.0
513,47.0,19.0,11.0,63075078.0
514,47.0,19.0,12.0,66409456.0
515,48.0,19.0,1.0,275793926.0
516,48.0,19.0,2.0,200553834.0
517,48.0,19.0,3.0,297061684.0
518,48.0,19.0,4.0,304083508.0
519,48.0,19.0,5.0,301265906.0
520,48.0,19.0,6.0,307618815.0
521,48.0,19.0,7.0,299874835.0
522,48.0,19.0,8.0,315412843.0
523,48.0,19.0,9.0,290847470.0
524,48.0,19.0,10.0,301008369.0
525,48.0,19.0,11.0,284797674.0
526,48.0,19.0,12.0,304194653.0
527,49.0,19.0,1.0,105738338.0
528,49.0,19.0,2.0,101774725.0
529,49.0,19.0,3.0,115916260.0
530,49.0,19.0,4.0,116290339.0
531,49.0,19.0,5.0,125591243.0
532,49.0,19.0,6.0,120704679.0
533,49.0,19.0,7.0,125407624.0
534,49.0,19.0,8.0,121139746.0
535,49.0,19.0,9.0,108346930.0
536,49.0,19.0,10.0,112629898.0
537,49.0,19.0,11.0,98281309.0
538,49.0,19.0,12.0,90044773.0
539,50.0,19.0,1.0,15274285.0
540,50.0,19.0,2.0,15935746.0
541,50.0,19.0,3.0,15500431.0
542,50.0,19.0,4.0,15907464.0
543,50.0,19.0,5.0,16843335.0
544,50.0,19.0,6.0,16197062.0
545,50.0,19.0,7.0,18412750.0
546,50.0,19.0,8.0,18909047.0
547,50.0,19.0,9.0,15734537.0
548,50.0,19.0,10.0,19112341.0
549,50.0,19.0,11.0,15195045.0
550,50.0,19.0,12.0,15381316.0
551,51.0,19.0,1.0,642185261.0
552,51.0,19.0,2.0,588688747.0
553,51.0,19.0,3.0,709565579.0
554,51.0,19.0,4.0,744657178.0
555,51.0,19.0,5.0,789916416.0
556,51.0,19.0,6.0,762662379.0
557,51.0,19.0,7.0,766736873.0
558,51.0,19.0,8.0,764147503.0
559,51.0,19.0,9.0,696610625.0
560,51.0,19.0,10.0,725408148.0
561,51.0,19.0,11.0,688037442.0
562,51.0,19.0,12.0,699477288.0
563,53.0,19.0,1.0,304924152.0
564,53.0,19.0,2.0,260716672.0
565,53.0,19.0,3.0,339061574.0
566,53.0,19.0,4.0,351786828.0
567,53.0,19.0,5.0,370575078.0
568,53.0,19.0,6.0,366230217.0
569,53.0,19.0,7.0,376539300.0
570,53.0,19.0,8.0,382716000.0
571,53.0,19.0,9.0,338942140.0
572,53.0,19.0,10.0,357178874.0
573,53.0,19.0,11.0,269778072.0
574,53.0,19.0,12.0,271553922.0
575,54.0,19.0,1.0,7283532.0
576,54.0,19.0,2.0,9576911.0
577,54.0,19.0,3.0,11679817.0
578,54.0,19.0,4.0,14087055.0
579,54.0,19.0,5.0,15055579.0
580,54.0,19.0,6.0,14030766.0
581,54.0,19.0,7.0,13361905.0
582,54.0,19.0,8.0,15594289.0
583,54.0,19.0,9.0,13091212.0
584,54.0,19.0,10.0,16399261.0
585,54.0,19.0,11.0,14440156.0
586,54.0,19.0,12.0,9173283.0
587,55.0,19.0,1.0,162917245.0
588,55.0,19.0,2.0,182288906.0
589,55.0,19.0,3.0,226120880.0
590,55.0,19.0,4.0,232254159.0
591,55.0,19.0,5.0,259570829.0
592,55.0,19.0,6.0,240356746.0
593,55.0,19.0,7.0,267646014.0
594,55.0,19.0,8.0,271333245.0
595,55.0,19.0,9.0,241235746.0
596,55.0,19.0,10.0,246768082.0
597,55.0,19.0,11.0,218565323.0
598,55.0,19.0,12.0,224905760.0
599,56.0,19.0,1.0,21124287.0
600,56.0,19.0,2.0,18041201.0
601,56.0,19.0,3.0,22017331.0
602,56.0,19.0,4.0,22863589.0
603,56.0,19.0,5.0,26465407.0
604,56.0,19.0,6.0,29740065.0
605,56.0,19.0,7.0,32200352.0
606,56.0,19.0,8.0,24176191.0
607,56.0,19.0,9.0,25096124.0
608,56.0,19.0,10.0,19145734.0
609,56.0,19.0,11.0,19928471.0
610,56.0,19.0,12.0,16131326.0
0,1.0,20.0,1.0,220567940.0
1,1.0,20.0,2.0,226405016.0
2,1.0,20.0,3.0,213166530.0
3,1.0,20.0,4.0,145158409.0
4,1.0,20.0,5.0,201589897.0
5,1.0,20.0,6.0,215818710.0
6,1.0,20.0,7.0,222494772.0
7,1.0,20.0,8.0,227251247.0
8,1.0,20.0,9.0,221580126.0
9,1.0,20.0,10.0,236974171.0
10,1.0,20.0,11.0,229024568.0
11,1.0,20.0,12.0,232669859.0
12,2.0,20.0,1.0,28722164.0
13,2.0,20.0,2.0,31056014.0
14,2.0,20.0,3.0,26492347.0
15,2.0,20.0,4.0,23809979.0
16,2.0,20.0,5.0,36770721.0
17,2.0,20.0,6.0,41699826.0
18,2.0,20.0,7.0,44272864.0
19,2.0,20.0,8.0,43266430.0
20,2.0,20.0,9.0,41581373.0
21,2.0,20.0,10.0,41022220.0
22,2.0,20.0,11.0,32615780.0
23,2.0,20.0,12.0,34818317.0
24,4.0,20.0,1.0,123762811.0
25,4.0,20.0,2.0,105464848.0
26,4.0,20.0,3.0,119147119.0
27,4.0,20.0,4.0,85548964.0
28,4.0,20.0,5.0,345028360.0
29,4.0,20.0,6.0,365521547.0
30,4.0,20.0,7.0,374179485.0
31,4.0,20.0,8.0,387465714.0
32,4.0,20.0,9.0,350527721.0
33,4.0,20.0,10.0,357361449.0
34,4.0,20.0,11.0,341322993.0
35,4.0,20.0,12.0,384982863.0
36,5.0,20.0,1.0,10890810.0
37,5.0,20.0,2.0,11676777.0
38,5.0,20.0,3.0,9790763.0
39,5.0,20.0,4.0,8801724.0
40,5.0,20.0,5.0,11079798.0
41,5.0,20.0,6.0,11535316.0
42,5.0,20.0,7.0,13521476.0
43,5.0,20.0,8.0,12107875.0
44,5.0,20.0,9.0,12512460.0
45,5.0,20.0,10.0,13742049.0
46,5.0,20.0,11.0,12124914.0
47,5.0,20.0,12.0,13625168.0
48,6.0,20.0,1.0,451811428.0
49,6.0,20.0,2.0,412998868.0
50,6.0,20.0,3.0,349324704.0
51,6.0,20.0,4.0,232925933.0
52,6.0,20.0,5.0,295183342.0
53,6.0,20.0,6.0,353838122.0
54,6.0,20.0,7.0,354087828.0
55,6.0,20.0,8.0,400158761.0
56,6.0,20.0,9.0,369078119.0
57,6.0,20.0,10.0,372160636.0
58,6.0,20.0,11.0,350896459.0
59,6.0,20.0,12.0,358792291.0
60,8.0,20.0,1.0,103671690.0
61,8.0,20.0,2.0,92579003.0
62,8.0,20.0,3.0,78527592.0
63,8.0,20.0,4.0,58341557.0
64,8.0,20.0,5.0,83110803.0
65,8.0,20.0,6.0,92704072.0
66,8.0,20.0,7.0,105710796.0
67,8.0,20.0,8.0,106262396.0
68,8.0,20.0,9.0,99664723.0
69,8.0,20.0,10.0,100236554.0
70,8.0,20.0,11.0,88105149.0
71,8.0,20.0,12.0,90377048.0
72,9.0,20.0,1.0,27223653.0
73,9.0,20.0,2.0,26609858.0
74,9.0,20.0,3.0,19008679.0
75,9.0,20.0,4.0,14636624.0
76,9.0,20.0,5.0,20977837.0
77,9.0,20.0,6.0,28415632.0
78,9.0,20.0,7.0,26975517.0
79,9.0,20.0,8.0,29495156.0
80,9.0,20.0,9.0,31167765.0
81,9.0,20.0,10.0,32401210.0
82,9.0,20.0,11.0,23241283.0
83,9.0,20.0,12.0,27486903.0
84,10.0,20.0,1.0,48735522.0
85,10.0,20.0,2.0,36148343.0
86,10.0,20.0,3.0,34694366.0
87,10.0,20.0,4.0,25113984.0
88,10.0,20.0,5.0,34507512.0
89,10.0,20.0,6.0,37942191.0
90,10.0,20.0,7.0,39321494.0
91,10.0,20.0,8.0,41624948.0
92,10.0,20.0,9.0,46670111.0
93,10.0,20.0,10.0,45448223.0
94,10.0,20.0,11.0,33047152.0
95,10.0,20.0,12.0,39020772.0
96,11.0,20.0,1.0,6536860.0
97,11.0,20.0,2.0,6335249.0
98,11.0,20.0,3.0,5559156.0
99,11.0,20.0,4.0,3706131.0
100,11.0,20.0,5.0,4477335.0
101,11.0,20.0,6.0,5149022.0
102,11.0,20.0,7.0,5667186.0
103,11.0,20.0,8.0,5676801.0
104,11.0,20.0,9.0,4507308.0
105,11.0,20.0,10.0,4197178.0
106,11.0,20.0,11.0,5312324.0
107,11.0,20.0,12.0,4784395.0
108,12.0,20.0,1.0,411938292.0
109,12.0,20.0,2.0,397720591.0
110,12.0,20.0,3.0,346445149.0
111,12.0,20.0,4.0,224205740.0
112,12.0,20.0,5.0,307169719.0
113,12.0,20.0,6.0,336945853.0
114,12.0,20.0,7.0,343934891.0
115,12.0,20.0,8.0,341456525.0
116,12.0,20.0,9.0,343589984.0
117,12.0,20.0,10.0,367105053.0
118,12.0,20.0,11.0,346874340.0
119,12.0,20.0,12.0,364029066.0
120,13.0,20.0,1.0,466821996.0
121,13.0,20.0,2.0,438941611.0
122,13.0,20.0,3.0,398376136.0
123,13.0,20.0,4.0,288147382.0
124,13.0,20.0,5.0,387601597.0
125,13.0,20.0,6.0,426208685.0
126,13.0,20.0,7.0,435483256.0
127,13.0,20.0,8.0,412726814.0
128,13.0,20.0,9.0,399952556.0
129,13.0,20.0,10.0,426577794.0
130,13.0,20.0,11.0,389349578.0
131,13.0,20.0,12.0,399096466.0
132,15.0,20.0,1.0,107670134.0
133,15.0,20.0,2.0,106082032.0
134,15.0,20.0,3.0,92426892.0
135,15.0,20.0,4.0,60338812.0
136,15.0,20.0,5.0,75504590.0
137,15.0,20.0,6.0,83471982.0
138,15.0,20.0,7.0,84961841.0
139,15.0,20.0,8.0,82058019.0
140,15.0,20.0,9.0,75824045.0
141,15.0,20.0,10.0,86023858.0
142,15.0,20.0,11.0,77969356.0
143,15.0,20.0,12.0,88050488.0
144,16.0,20.0,1.0,103254529.0
145,16.0,20.0,2.0,102971389.0
146,16.0,20.0,3.0,92934179.0
147,16.0,20.0,4.0,77094882.0
148,16.0,20.0,5.0,101979519.0
149,16.0,20.0,6.0,115119402.0
150,16.0,20.0,7.0,123186067.0
151,16.0,20.0,8.0,121150163.0
152,16.0,20.0,9.0,116454983.0
153,16.0,20.0,10.0,116692415.0
154,16.0,20.0,11.0,97212548.0
155,16.0,20.0,12.0,100524166.0
156,17.0,20.0,1.0,60619753.0
157,17.0,20.0,2.0,68077748.0
158,17.0,20.0,3.0,69447840.0
159,17.0,20.0,4.0,51093224.0
160,17.0,20.0,5.0,58110645.0
161,17.0,20.0,6.0,70535884.0
162,17.0,20.0,7.0,84030609.0
163,17.0,20.0,8.0,81925689.0
164,17.0,20.0,9.0,71115112.0
165,17.0,20.0,10.0,81166244.0
166,17.0,20.0,11.0,70259615.0
167,17.0,20.0,12.0,76175664.0
168,18.0,20.0,1.0,52675811.0
169,18.0,20.0,2.0,52885234.0
170,18.0,20.0,3.0,54833162.0
171,18.0,20.0,4.0,33821776.0
172,18.0,20.0,5.0,48176831.0
173,18.0,20.0,6.0,54510266.0
174,18.0,20.0,7.0,62440800.0
175,18.0,20.0,8.0,61403482.0
176,18.0,20.0,9.0,60982713.0
177,18.0,20.0,10.0,69136918.0
178,18.0,20.0,11.0,56885473.0
179,18.0,20.0,12.0,60694411.0
180,19.0,20.0,1.0,40015026.0
181,19.0,20.0,2.0,41721338.0
182,19.0,20.0,3.0,42499392.0
183,19.0,20.0,4.0,31877264.0
184,19.0,20.0,5.0,39749333.0
185,19.0,20.0,6.0,45290272.0
186,19.0,20.0,7.0,41397399.0
187,19.0,20.0,8.0,46191305.0
188,19.0,20.0,9.0,45685486.0
189,19.0,20.0,10.0,47520159.0
190,19.0,20.0,11.0,39004654.0
191,19.0,20.0,12.0,41059168.0
192,20.0,20.0,1.0,27358234.0
193,20.0,20.0,2.0,27250929.0
194,20.0,20.0,3.0,25142146.0
195,20.0,20.0,4.0,18365863.0
196,20.0,20.0,5.0,24272208.0
197,20.0,20.0,6.0,27813702.0
198,20.0,20.0,7.0,29620179.0
199,20.0,20.0,8.0,29943753.0
200,20.0,20.0,9.0,27814239.0
201,20.0,20.0,10.0,28729200.0
202,20.0,20.0,11.0,25400016.0
203,20.0,20.0,12.0,23513110.0
204,21.0,20.0,1.0,37208459.0
205,21.0,20.0,2.0,34103735.0
206,21.0,20.0,3.0,39584335.0
207,21.0,20.0,4.0,29859407.0
208,21.0,20.0,5.0,38295315.0
209,21.0,20.0,6.0,38816406.0
210,21.0,20.0,7.0,44045742.0
211,21.0,20.0,8.0,44698604.0
212,21.0,20.0,9.0,49674299.0
213,21.0,20.0,10.0,47457514.0
214,21.0,20.0,11.0,49147994.0
215,21.0,20.0,12.0,51465386.0
216,22.0,20.0,1.0,7800315.0
217,22.0,20.0,2.0,17375829.0
218,22.0,20.0,3.0,15233539.0
219,22.0,20.0,4.0,11170261.0
220,22.0,20.0,5.0,16976183.0
221,22.0,20.0,6.0,17446989.0
222,22.0,20.0,7.0,16826153.0
223,22.0,20.0,8.0,17858155.0
224,22.0,20.0,9.0,15942297.0
225,22.0,20.0,10.0,18236793.0
226,22.0,20.0,11.0,17418739.0
227,22.0,20.0,12.0,19511604.0
228,23.0,20.0,1.0,23166672.0
229,23.0,20.0,2.0,23595420.0
230,23.0,20.0,3.0,17187277.0
231,23.0,20.0,4.0,13957984.0
232,23.0,20.0,5.0,19530636.0
233,23.0,20.0,6.0,24761017.0
234,23.0,20.0,7.0,28125326.0
235,23.0,20.0,8.0,32144923.0
236,23.0,20.0,9.0,31644003.0
237,23.0,20.0,10.0,31385780.0
238,23.0,20.0,11.0,24500794.0
239,23.0,20.0,12.0,22110151.0
240,24.0,20.0,1.0,107940249.0
241,24.0,20.0,2.0,103322023.0
242,24.0,20.0,3.0,85114048.0
243,24.0,20.0,4.0,58904057.0
244,24.0,20.0,5.0,78941061.0
245,24.0,20.0,6.0,88959687.0
246,24.0,20.0,7.0,105139636.0
247,24.0,20.0,8.0,100299701.0
248,24.0,20.0,9.0,104168107.0
249,24.0,20.0,10.0,105358111.0
250,24.0,20.0,11.0,94878927.0
251,24.0,20.0,12.0,95225316.0
252,25.0,20.0,1.0,363777966.0
253,25.0,20.0,2.0,387795550.0
254,25.0,20.0,3.0,321364037.0
255,25.0,20.0,4.0,199309128.0
256,25.0,20.0,5.0,312311816.0
257,25.0,20.0,6.0,408004150.0
258,25.0,20.0,7.0,440574879.0
259,25.0,20.0,8.0,468264707.0
260,25.0,20.0,9.0,445827851.0
261,25.0,20.0,10.0,465501107.0
262,25.0,20.0,11.0,402738728.0
263,25.0,20.0,12.0,385879072.0
264,26.0,20.0,1.0,130574448.0
265,26.0,20.0,2.0,127415385.0
266,26.0,20.0,3.0,98924340.0
267,26.0,20.0,4.0,60984783.0
268,26.0,20.0,5.0,91110093.0
269,26.0,20.0,6.0,120571236.0
270,26.0,20.0,7.0,133117735.0
271,26.0,20.0,8.0,134255787.0
272,26.0,20.0,9.0,123509953.0
273,26.0,20.0,10.0,130416548.0
274,26.0,20.0,11.0,109364853.0
275,26.0,20.0,12.0,109856467.0
276,27.0,20.0,1.0,21477016.0
277,27.0,20.0,2.0,20700824.0
278,27.0,20.0,3.0,17112731.0
279,27.0,20.0,4.0,14085459.0
280,27.0,20.0,5.0,17471922.0
281,27.0,20.0,6.0,18523960.0
282,27.0,20.0,7.0,21030288.0
283,27.0,20.0,8.0,20580048.0
284,27.0,20.0,9.0,20427809.0
285,27.0,20.0,10.0,19191691.0
286,27.0,20.0,11.0,18340815.0
287,27.0,20.0,12.0,19363848.0
288,28.0,20.0,1.0,52987163.0
289,28.0,20.0,2.0,52949788.0
290,28.0,20.0,3.0,47266637.0
291,28.0,20.0,4.0,31512450.0
292,28.0,20.0,5.0,44185851.0
293,28.0,20.0,6.0,58617168.0
294,28.0,20.0,7.0,55438103.0
295,28.0,20.0,8.0,53699577.0
296,28.0,20.0,9.0,54397007.0
297,28.0,20.0,10.0,56433344.0
298,28.0,20.0,11.0,50280728.0
299,28.0,20.0,12.0,46768949.0
300,29.0,20.0,1.0,56539710.0
301,29.0,20.0,2.0,58906120.0
302,29.0,20.0,3.0,55007175.0
303,29.0,20.0,4.0,41290202.0
304,29.0,20.0,5.0,58206037.0
305,29.0,20.0,6.0,66854203.0
306,29.0,20.0,7.0,70361873.0
307,29.0,20.0,8.0,70632922.0
308,29.0,20.0,9.0,69014554.0
309,29.0,20.0,10.0,68971628.0
310,29.0,20.0,11.0,60586013.0
311,29.0,20.0,12.0,62203845.0
312,30.0,20.0,1.0,14059556.0
313,30.0,20.0,2.0,13431719.0
314,30.0,20.0,3.0,12769742.0
315,30.0,20.0,4.0,10536414.0
316,30.0,20.0,5.0,14040581.0
317,30.0,20.0,6.0,16939261.0
318,30.0,20.0,7.0,19250306.0
319,30.0,20.0,8.0,18697561.0
320,30.0,20.0,9.0,17396601.0
321,30.0,20.0,10.0,15620978.0
322,30.0,20.0,11.0,13411728.0
323,30.0,20.0,12.0,13714202.0
324,31.0,20.0,1.0,25511025.0
325,31.0,20.0,2.0,26623535.0
326,31.0,20.0,3.0,24704364.0
327,31.0,20.0,4.0,19296678.0
328,31.0,20.0,5.0,24304559.0
329,31.0,20.0,6.0,27941057.0
330,31.0,20.0,7.0,34181478.0
331,31.0,20.0,8.0,33291332.0
332,31.0,20.0,9.0,31904658.0
333,31.0,20.0,10.0,32354781.0
334,31.0,20.0,11.0,27811130.0
335,31.0,20.0,12.0,27989963.0
336,32.0,20.0,1.0,100523342.0
337,32.0,20.0,2.0,97161946.0
338,32.0,20.0,3.0,73051725.0
339,32.0,20.0,4.0,59962158.0
340,32.0,20.0,5.0,83779913.0
341,32.0,20.0,6.0,97606401.0
342,32.0,20.0,7.0,101709784.0
343,32.0,20.0,8.0,103951753.0
344,32.0,20.0,9.0,100688972.0
345,32.0,20.0,10.0,111191474.0
346,32.0,20.0,11.0,91895973.0
347,32.0,20.0,12.0,97257751.0
348,33.0,20.0,1.0,67658556.0
349,33.0,20.0,2.0,68448218.0
350,33.0,20.0,3.0,58210757.0
351,33.0,20.0,4.0,38595392.0
352,33.0,20.0,5.0,54565821.0
353,33.0,20.0,6.0,67043645.0
354,33.0,20.0,7.0,76198239.0
355,33.0,20.0,8.0,80519284.0
356,33.0,20.0,9.0,71193999.0
357,33.0,20.0,10.0,76298931.0
358,33.0,20.0,11.0,64462262.0
359,33.0,20.0,12.0,63027549.0
360,34.0,20.0,1.0,146770804.0
361,34.0,20.0,2.0,144658054.0
362,34.0,20.0,3.0,110653956.0
363,34.0,20.0,4.0,70759379.0
364,34.0,20.0,5.0,92813506.0
365,34.0,20.0,6.0,113394684.0
366,34.0,20.0,7.0,122796541.0
367,34.0,20.0,8.0,125925133.0
368,34.0,20.0,9.0,132687959.0
369,34.0,20.0,10.0,139098621.0
370,34.0,20.0,11.0,120817422.0
371,34.0,20.0,12.0,128275718.0
372,35.0,20.0,1.0,17003940.0
373,35.0,20.0,2.0,18363860.0
374,35.0,20.0,3.0,14033290.0
375,35.0,20.0,4.0,11663709.0
376,35.0,20.0,5.0,13554603.0
377,35.0,20.0,6.0,14211296.0
378,35.0,20.0,7.0,16247875.0
379,35.0,20.0,8.0,15111939.0
380,35.0,20.0,9.0,16389512.0
381,35.0,20.0,10.0,16131930.0
382,35.0,20.0,11.0,13781179.0
383,35.0,20.0,12.0,15832231.0
384,36.0,20.0,1.0,97323512.0
385,36.0,20.0,2.0,79655576.0
386,36.0,20.0,3.0,81568829.0
387,36.0,20.0,4.0,68550368.0
388,36.0,20.0,5.0,81118632.0
389,36.0,20.0,6.0,90337561.0
390,36.0,20.0,7.0,101069125.0
391,36.0,20.0,8.0,101076116.0
392,36.0,20.0,9.0,92004240.0
393,36.0,20.0,10.0,100414048.0
394,36.0,20.0,11.0,77007958.0
395,36.0,20.0,12.0,87057919.0
396,37.0,20.0,1.0,100754964.0
397,37.0,20.0,2.0,97594004.0
398,37.0,20.0,3.0,85516255.0
399,37.0,20.0,4.0,59067759.0
400,37.0,20.0,5.0,77989129.0
401,37.0,20.0,6.0,89884320.0
402,37.0,20.0,7.0,96625776.0
403,37.0,20.0,8.0,96248979.0
404,37.0,20.0,9.0,97939272.0
405,37.0,20.0,10.0,104937507.0
406,37.0,20.0,11.0,91919172.0
407,37.0,20.0,12.0,95063718.0
408,38.0,20.0,1.0,10536558.0
409,38.0,20.0,2.0,10416109.0
410,38.0,20.0,3.0,9187840.0
411,38.0,20.0,4.0,7311874.0
412,38.0,20.0,5.0,9398050.0
413,38.0,20.0,6.0,10434037.0
414,38.0,20.0,7.0,10795021.0
415,38.0,20.0,8.0,11218697.0
416,38.0,20.0,9.0,11178632.0
417,38.0,20.0,10.0,10747571.0
418,38.0,20.0,11.0,8891903.0
419,38.0,20.0,12.0,9693743.0
420,39.0,20.0,1.0,219619448.0
421,39.0,20.0,2.0,210927362.0
422,39.0,20.0,3.0,186280085.0
423,39.0,20.0,4.0,127141762.0
424,39.0,20.0,5.0,164239946.0
425,39.0,20.0,6.0,195842693.0
426,39.0,20.0,7.0,204518542.0
427,39.0,20.0,8.0,205240730.0
428,39.0,20.0,9.0,198133058.0
429,39.0,20.0,10.0,199563751.0
430,39.0,20.0,11.0,171045883.0
431,39.0,20.0,12.0,167822938.0
432,40.0,20.0,1.0,75436199.0
433,40.0,20.0,2.0,71951145.0
434,40.0,20.0,3.0,69184447.0
435,40.0,20.0,4.0,52600187.0
436,40.0,20.0,5.0,69877915.0
437,40.0,20.0,6.0,76709042.0
438,40.0,20.0,7.0,77147699.0
439,40.0,20.0,8.0,77795961.0
440,40.0,20.0,9.0,74853939.0
441,40.0,20.0,10.0,76177204.0
442,40.0,20.0,11.0,70922365.0
443,40.0,20.0,12.0,71712170.0
444,41.0,20.0,1.0,126960129.0
445,41.0,20.0,2.0,126682803.0
446,41.0,20.0,3.0,114346276.0
447,41.0,20.0,4.0,84544415.0
448,41.0,20.0,5.0,103324840.0
449,41.0,20.0,6.0,109709917.0
450,41.0,20.0,7.0,134441909.0
451,41.0,20.0,8.0,139196394.0
452,41.0,20.0,9.0,116986217.0
453,41.0,20.0,10.0,122522339.0
454,41.0,20.0,11.0,108493518.0
455,41.0,20.0,12.0,107653470.0
456,42.0,20.0,1.0,70347471.0
457,42.0,20.0,2.0,72073801.0
458,42.0,20.0,3.0,63185986.0
459,42.0,20.0,4.0,43722485.0
460,42.0,20.0,5.0,59279482.0
461,42.0,20.0,6.0,72746473.0
462,42.0,20.0,7.0,79933385.0
463,42.0,20.0,8.0,79674669.0
464,42.0,20.0,9.0,73250541.0
465,42.0,20.0,10.0,79505235.0
466,42.0,20.0,11.0,70940645.0
467,42.0,20.0,12.0,62939974.0
468,44.0,20.0,1.0,58723227.0
469,44.0,20.0,2.0,86473800.0
470,44.0,20.0,3.0,73756596.0
471,44.0,20.0,4.0,39418750.0
472,44.0,20.0,5.0,57297792.0
473,44.0,20.0,6.0,65748676.0
474,44.0,20.0,7.0,66703557.0
475,44.0,20.0,8.0,71831627.0
476,44.0,20.0,9.0,72531075.0
477,44.0,20.0,10.0,72719029.0
478,44.0,20.0,11.0,60391546.0
479,44.0,20.0,12.0,65056214.0
480,45.0,20.0,1.0,171790268.0
481,45.0,20.0,2.0,172359471.0
482,45.0,20.0,3.0,170628364.0
483,45.0,20.0,4.0,113313774.0
484,45.0,20.0,5.0,162580047.0
485,45.0,20.0,6.0,190653439.0
486,45.0,20.0,7.0,200692314.0
487,45.0,20.0,8.0,187371578.0
488,45.0,20.0,9.0,178487940.0
489,45.0,20.0,10.0,197345654.0
490,45.0,20.0,11.0,171016926.0
491,45.0,20.0,12.0,175282256.0
492,46.0,20.0,1.0,9932688.0
493,46.0,20.0,2.0,9689246.0
494,46.0,20.0,3.0,8084849.0
495,46.0,20.0,4.0,6992992.0
496,46.0,20.0,5.0,8999137.0
497,46.0,20.0,6.0,10362897.0
498,46.0,20.0,7.0,12347514.0
499,46.0,20.0,8.0,12774114.0
500,46.0,20.0,9.0,11570421.0
501,46.0,20.0,10.0,10512655.0
502,46.0,20.0,11.0,8490326.0
503,46.0,20.0,12.0,10622723.0
504,47.0,20.0,1.0,80577624.0
505,47.0,20.0,2.0,72342615.0
506,47.0,20.0,3.0,33028224.0
507,47.0,20.0,4.0,112464992.0
508,47.0,20.0,5.0,66422775.0
509,47.0,20.0,6.0,64416925.0
510,47.0,20.0,7.0,56941270.0
511,47.0,20.0,8.0,46879948.0
512,47.0,20.0,9.0,47851450.0
513,47.0,20.0,10.0,48372987.0
514,47.0,20.0,11.0,49542066.0
515,47.0,20.0,12.0,47144581.0
516,48.0,20.0,1.0,291722926.0
517,48.0,20.0,2.0,287842390.0
518,48.0,20.0,3.0,249358612.0
519,48.0,20.0,4.0,179509003.0
520,48.0,20.0,5.0,196253325.0
521,48.0,20.0,6.0,235176044.0
522,48.0,20.0,7.0,230208822.0
523,48.0,20.0,8.0,243753792.0
524,48.0,20.0,9.0,257351162.0
525,48.0,20.0,10.0,270864774.0
526,48.0,20.0,11.0,272839042.0
527,48.0,20.0,12.0,273181364.0
528,49.0,20.0,1.0,120618180.0
529,49.0,20.0,2.0,117500146.0
530,49.0,20.0,3.0,65348169.0
531,49.0,20.0,4.0,61320118.0
532,49.0,20.0,5.0,82571691.0
533,49.0,20.0,6.0,90319426.0
534,49.0,20.0,7.0,100594307.0
535,49.0,20.0,8.0,99506927.0
536,49.0,20.0,9.0,92603655.0
537,49.0,20.0,10.0,98636728.0
538,49.0,20.0,11.0,81079681.0
539,49.0,20.0,12.0,83749449.0
540,50.0,20.0,1.0,13850054.0
541,50.0,20.0,2.0,14738908.0
542,50.0,20.0,3.0,13085967.0
543,50.0,20.0,4.0,7544107.0
544,50.0,20.0,5.0,11719743.0
545,50.0,20.0,6.0,13139583.0
546,50.0,20.0,7.0,14209156.0
547,50.0,20.0,8.0,14240037.0
548,50.0,20.0,9.0,14500204.0
549,50.0,20.0,10.0,13476058.0
550,50.0,20.0,11.0,12180446.0
551,50.0,20.0,12.0,11656080.0
552,51.0,20.0,1.0,647190784.0
553,51.0,20.0,2.0,599166706.0
554,51.0,20.0,3.0,578269641.0
555,51.0,20.0,4.0,388308104.0
556,51.0,20.0,5.0,526113872.0
557,51.0,20.0,6.0,614327687.0
558,51.0,20.0,7.0,646446506.0
559,51.0,20.0,8.0,633125370.0
560,51.0,20.0,9.0,632588767.0
561,51.0,20.0,10.0,665063232.0
562,51.0,20.0,11.0,609275124.0
563,51.0,20.0,12.0,601508254.0
564,53.0,20.0,1.0,299811795.0
565,53.0,20.0,2.0,293946662.0
566,53.0,20.0,3.0,243424993.0
567,53.0,20.0,4.0,172536538.0
568,53.0,20.0,5.0,225280053.0
569,53.0,20.0,6.0,263180053.0
570,53.0,20.0,7.0,317702465.0
571,53.0,20.0,8.0,347326369.0
572,53.0,20.0,9.0,301783429.0
573,53.0,20.0,10.0,245834501.0
574,53.0,20.0,11.0,263450558.0
575,53.0,20.0,12.0,297254342.0
576,54.0,20.0,1.0,8354964.0
577,54.0,20.0,2.0,8202590.0
578,54.0,20.0,3.0,10405461.0
579,54.0,20.0,4.0,8045885.0
580,54.0,20.0,5.0,10704169.0
581,54.0,20.0,6.0,12796413.0
582,54.0,20.0,7.0,12832834.0
583,54.0,20.0,8.0,11033956.0
584,54.0,20.0,9.0,10323112.0
585,54.0,20.0,10.0,11461849.0
586,54.0,20.0,11.0,8408338.0
587,54.0,20.0,12.0,5156208.0
588,55.0,20.0,1.0,189647056.0
589,55.0,20.0,2.0,208081371.0
590,55.0,20.0,3.0,182228300.0
591,55.0,20.0,4.0,134307364.0
592,55.0,20.0,5.0,173931634.0
593,55.0,20.0,6.0,198974384.0
594,55.0,20.0,7.0,216918242.0
595,55.0,20.0,8.0,219649754.0
596,55.0,20.0,9.0,207274663.0
597,55.0,20.0,10.0,207065488.0
598,55.0,20.0,11.0,200231630.0
599,55.0,20.0,12.0,207247631.0
600,56.0,20.0,1.0,22081419.0
601,56.0,20.0,2.0,20819053.0
602,56.0,20.0,3.0,20714410.0
603,56.0,20.0,4.0,18286255.0
604,56.0,20.0,5.0,24499535.0
605,56.0,20.0,6.0,28325265.0
606,56.0,20.0,7.0,25721605.0
607,56.0,20.0,8.0,33806985.0
608,56.0,20.0,9.0,30579904.0
609,56.0,20.0,10.0,28860568.0
610,56.0,20.0,11.0,22465076.0
611,56.0,20.0,12.0,22716422.0
